{
  "type": "FeatureCollection",
  "features": [
    {
      "type": "Feature",
      "geometry": {
        "type": "LineString",
        "coordinates": [
          [
            11.0205384,
            59.27160142,
            5.921
          ],
          [
            11.02048189,
            59.27164914,
            5.921
          ],
          [
            11.02029686,
            59.27181969,
            5.821
          ],
          [
            11.02018548,
            59.27191608,
            5.621
          ],
          [
            11.02005296,
            59.272028,
            5.521
          ],
          [
            11.02004285,
            59.27203938,
            5.521
          ]
        ]
      },
      "properties": {
        "vegsystemreferanse.vegsystem.vegkategori": "F",
        "vegsystemreferanse.vegsystem.fase": "V",
        "vegsystemreferanse.vegsystem.nummer": 112,
        "vegsystemreferanse.strekning.strekning": 1,
        "vegsystemreferanse.strekning.delstrekning": 1,
        "vegsystemreferanse.strekning.arm": false,
        "vegsystemreferanse.strekning.adskilte_løp": "Nei",
        "vegsystemreferanse.strekning.trafikantgruppe": "K",
        "vegsystemreferanse.strekning.retning": "MED",
        "vegsystemreferanse.strekning.fra_meter": 350.438,
        "vegsystemreferanse.strekning.til_meter": 406.913,
        "vegsystemreferanse.kortform": "FV112 S1D1 m350-407",
        "typeVeg": "Enkel bilveg",
        "lengde": 56.476
      }
    },
    {
      "type": "Feature",
      "geometry": {
        "type": "LineString",
        "coordinates": [
          [
            11.02004285,
            59.27203938,
            5.521
          ],
          [
            11.02001139,
            59.27206809,
            5.521
          ],
          [
            11.01970962,
            59.27233576,
            5.621
          ],
          [
            11.01954789,
            59.27248725,
            5.621
          ]
        ]
      },
      "properties": {
        "vegsystemreferanse.vegsystem.vegkategori": "F",
        "vegsystemreferanse.vegsystem.fase": "V",
        "vegsystemreferanse.vegsystem.nummer": 112,
        "vegsystemreferanse.strekning.strekning": 1,
        "vegsystemreferanse.strekning.delstrekning": 1,
        "vegsystemreferanse.strekning.arm": false,
        "vegsystemreferanse.strekning.adskilte_løp": "Nei",
        "vegsystemreferanse.strekning.trafikantgruppe": "K",
        "vegsystemreferanse.strekning.retning": "MED",
        "vegsystemreferanse.strekning.fra_meter": 406.913,
        "vegsystemreferanse.strekning.til_meter": 464.318,
        "vegsystemreferanse.kortform": "FV112 S1D1 m407-464",
        "typeVeg": "Enkel bilveg",
        "lengde": 57.404
      }
    },
    {
      "type": "Feature",
      "geometry": {
        "type": "LineString",
        "coordinates": [
          [
            11.01954789,
            59.27248725,
            5.621
          ],
          [
            11.01939721,
            59.27261929,
            5.521
          ],
          [
            11.01936214,
            59.27264879,
            5.521
          ],
          [
            11.01928334,
            59.27272189,
            5.421
          ]
        ]
      },
      "properties": {
        "vegsystemreferanse.vegsystem.vegkategori": "F",
        "vegsystemreferanse.vegsystem.fase": "V",
        "vegsystemreferanse.vegsystem.nummer": 112,
        "vegsystemreferanse.strekning.strekning": 1,
        "vegsystemreferanse.strekning.delstrekning": 1,
        "vegsystemreferanse.strekning.arm": false,
        "vegsystemreferanse.strekning.adskilte_løp": "Nei",
        "vegsystemreferanse.strekning.trafikantgruppe": "K",
        "vegsystemreferanse.strekning.retning": "MED",
        "vegsystemreferanse.strekning.fra_meter": 464.318,
        "vegsystemreferanse.strekning.til_meter": 494.543,
        "vegsystemreferanse.kortform": "FV112 S1D1 m464-495",
        "typeVeg": "Enkel bilveg",
        "lengde": 30.225
      }
    },
    {
      "type": "Feature",
      "geometry": {
        "type": "LineString",
        "coordinates": [
          [
            11.01928334,
            59.27272189,
            5.421
          ],
          [
            11.01910605,
            59.27287722,
            5.421
          ]
        ]
      },
      "properties": {
        "vegsystemreferanse.vegsystem.vegkategori": "F",
        "vegsystemreferanse.vegsystem.fase": "V",
        "vegsystemreferanse.vegsystem.nummer": 112,
        "vegsystemreferanse.strekning.strekning": 1,
        "vegsystemreferanse.strekning.delstrekning": 1,
        "vegsystemreferanse.strekning.arm": false,
        "vegsystemreferanse.strekning.adskilte_løp": "Nei",
        "vegsystemreferanse.strekning.trafikantgruppe": "K",
        "vegsystemreferanse.strekning.retning": "MED",
        "vegsystemreferanse.strekning.fra_meter": 494.543,
        "vegsystemreferanse.strekning.til_meter": 514.611,
        "vegsystemreferanse.kortform": "FV112 S1D1 m495-515",
        "typeVeg": "Enkel bilveg",
        "lengde": 20.067
      }
    },
    {
      "type": "Feature",
      "geometry": {
        "type": "LineString",
        "coordinates": [
          [
            11.01853608,
            59.27338949,
            5.322
          ],
          [
            11.01848295,
            59.27343822,
            5.322
          ],
          [
            11.01843932,
            59.27348093,
            5.322
          ],
          [
            11.01818312,
            59.27370415,
            5.422
          ],
          [
            11.01815537,
            59.27373117,
            5.322
          ],
          [
            11.01810203,
            59.27378168,
            5.322
          ],
          [
            11.01774938,
            59.27409364,
            5.422
          ],
          [
            11.01768894,
            59.27414484,
            5.422
          ],
          [
            11.01752803,
            59.27428915,
            5.522
          ],
          [
            11.01700535,
            59.27476313,
            5.622
          ],
          [
            11.01687981,
            59.27487527,
            5.622
          ],
          [
            11.01681545,
            59.27492994,
            5.622
          ],
          [
            11.01668477,
            59.27504101,
            5.622
          ],
          [
            11.01667311,
            59.27505055,
            5.522
          ]
        ]
      },
      "properties": {
        "vegsystemreferanse.vegsystem.vegkategori": "F",
        "vegsystemreferanse.vegsystem.fase": "V",
        "vegsystemreferanse.vegsystem.nummer": 112,
        "vegsystemreferanse.strekning.strekning": 1,
        "vegsystemreferanse.strekning.delstrekning": 1,
        "vegsystemreferanse.strekning.arm": false,
        "vegsystemreferanse.strekning.adskilte_løp": "Nei",
        "vegsystemreferanse.strekning.trafikantgruppe": "K",
        "vegsystemreferanse.strekning.retning": "MED",
        "vegsystemreferanse.strekning.fra_meter": 580.375,
        "vegsystemreferanse.strekning.til_meter": 794.057,
        "vegsystemreferanse.kortform": "FV112 S1D1 m580-794",
        "typeVeg": "Enkel bilveg",
        "lengde": 213.682
      }
    },
    {
      "type": "Feature",
      "geometry": {
        "type": "LineString",
        "coordinates": [
          [
            11.01667311,
            59.27505055,
            5.522
          ],
          [
            11.01664207,
            59.27507567,
            5.622
          ],
          [
            11.01649382,
            59.27521677,
            5.622
          ],
          [
            11.01641749,
            59.27528366,
            5.522
          ],
          [
            11.01624802,
            59.27542592,
            5.522
          ],
          [
            11.01611649,
            59.27554416,
            5.522
          ],
          [
            11.01608307,
            59.2755746,
            5.322
          ],
          [
            11.01604758,
            59.27560768,
            5.322
          ],
          [
            11.01583279,
            59.27580698,
            5.322
          ],
          [
            11.01569384,
            59.2759286,
            5.222
          ],
          [
            11.01566042,
            59.27595904,
            5.222
          ],
          [
            11.01560326,
            59.27601213,
            5.122
          ],
          [
            11.01552651,
            59.2760826,
            5.122
          ],
          [
            11.01549154,
            59.2761112,
            5.122
          ],
          [
            11.01541954,
            59.27617103,
            5.122
          ],
          [
            11.01532144,
            59.27625883,
            5.022
          ],
          [
            11.0152877,
            59.27629196,
            4.922
          ],
          [
            11.01514514,
            59.27641436,
            4.722
          ],
          [
            11.0150919,
            59.27646397,
            4.622
          ],
          [
            11.01506652,
            59.27648567,
            4.622
          ],
          [
            11.01490755,
            59.27662825,
            4.322
          ],
          [
            11.01486999,
            59.27666396,
            4.322
          ],
          [
            11.01466026,
            59.27684993,
            3.922
          ]
        ]
      },
      "properties": {
        "vegsystemreferanse.vegsystem.vegkategori": "F",
        "vegsystemreferanse.vegsystem.fase": "V",
        "vegsystemreferanse.vegsystem.nummer": 112,
        "vegsystemreferanse.strekning.strekning": 1,
        "vegsystemreferanse.strekning.delstrekning": 1,
        "vegsystemreferanse.strekning.arm": false,
        "vegsystemreferanse.strekning.adskilte_løp": "Nei",
        "vegsystemreferanse.strekning.trafikantgruppe": "K",
        "vegsystemreferanse.strekning.retning": "MED",
        "vegsystemreferanse.strekning.fra_meter": 794.057,
        "vegsystemreferanse.strekning.til_meter": 1025.411,
        "vegsystemreferanse.kortform": "FV112 S1D1 m794-1025",
        "typeVeg": "Enkel bilveg",
        "lengde": 231.354
      }
    },
    {
      "type": "Feature",
      "geometry": {
        "type": "LineString",
        "coordinates": [
          [
            11.01466026,
            59.27684993,
            3.922
          ],
          [
            11.01451077,
            59.2769865,
            3.922
          ],
          [
            11.01441784,
            59.27706007,
            3.922
          ],
          [
            11.01429547,
            59.277175,
            3.822
          ],
          [
            11.01421633,
            59.27725079,
            3.822
          ],
          [
            11.01416372,
            59.27729503,
            3.822
          ],
          [
            11.01403631,
            59.277408,
            3.722
          ],
          [
            11.01390694,
            59.27752271,
            3.723
          ],
          [
            11.01378891,
            59.27763058,
            3.723
          ],
          [
            11.01344555,
            59.27793742,
            3.823
          ],
          [
            11.01335661,
            59.27802191,
            3.823
          ],
          [
            11.01307206,
            59.27827661,
            3.623
          ]
        ]
      },
      "properties": {
        "vegsystemreferanse.vegsystem.vegkategori": "F",
        "vegsystemreferanse.vegsystem.fase": "V",
        "vegsystemreferanse.vegsystem.nummer": 112,
        "vegsystemreferanse.strekning.strekning": 1,
        "vegsystemreferanse.strekning.delstrekning": 1,
        "vegsystemreferanse.strekning.arm": false,
        "vegsystemreferanse.strekning.adskilte_løp": "Nei",
        "vegsystemreferanse.strekning.trafikantgruppe": "K",
        "vegsystemreferanse.strekning.retning": "MED",
        "vegsystemreferanse.strekning.fra_meter": 1025.411,
        "vegsystemreferanse.strekning.til_meter": 1208.609,
        "vegsystemreferanse.kortform": "FV112 S1D1 m1025-1209",
        "typeVeg": "Enkel bilveg",
        "lengde": 183.198
      }
    },
    {
      "type": "Feature",
      "geometry": {
        "type": "LineString",
        "coordinates": [
          [
            11.01307206,
            59.27827661,
            3.623
          ],
          [
            11.01304244,
            59.27830447,
            3.623
          ],
          [
            11.01298983,
            59.27834871,
            3.623
          ],
          [
            11.01287687,
            59.27844324,
            3.723
          ],
          [
            11.0128063,
            59.27850581,
            3.723
          ],
          [
            11.01268322,
            59.27861173,
            3.723
          ],
          [
            11.01250802,
            59.27877268,
            3.723
          ],
          [
            11.01237391,
            59.27888275,
            3.723
          ],
          [
            11.01236617,
            59.2788888,
            3.623
          ],
          [
            11.01183726,
            59.27936977,
            3.523
          ],
          [
            11.01172021,
            59.27947362,
            3.04
          ]
        ]
      },
      "properties": {
        "vegsystemreferanse.vegsystem.vegkategori": "F",
        "vegsystemreferanse.vegsystem.fase": "V",
        "vegsystemreferanse.vegsystem.nummer": 112,
        "vegsystemreferanse.strekning.strekning": 1,
        "vegsystemreferanse.strekning.delstrekning": 1,
        "vegsystemreferanse.strekning.arm": false,
        "vegsystemreferanse.strekning.adskilte_løp": "Nei",
        "vegsystemreferanse.strekning.trafikantgruppe": "K",
        "vegsystemreferanse.strekning.retning": "MED",
        "vegsystemreferanse.strekning.fra_meter": 1208.609,
        "vegsystemreferanse.strekning.til_meter": 1362.7,
        "vegsystemreferanse.kortform": "FV112 S1D1 m1209-1363",
        "typeVeg": "Enkel bilveg",
        "lengde": 154.091
      }
    },
    {
      "type": "Feature",
      "geometry": {
        "type": "LineString",
        "coordinates": [
          [
            11.01910605,
            59.27287722,
            5.421
          ],
          [
            11.01905437,
            59.27292257,
            5.421
          ],
          [
            11.01903261,
            59.27294348,
            5.421
          ],
          [
            11.01853608,
            59.27338949,
            5.322
          ]
        ]
      },
      "properties": {
        "vegsystemreferanse.vegsystem.vegkategori": "F",
        "vegsystemreferanse.vegsystem.fase": "V",
        "vegsystemreferanse.vegsystem.nummer": 112,
        "vegsystemreferanse.strekning.strekning": 1,
        "vegsystemreferanse.strekning.delstrekning": 1,
        "vegsystemreferanse.strekning.arm": false,
        "vegsystemreferanse.strekning.adskilte_løp": "Nei",
        "vegsystemreferanse.strekning.trafikantgruppe": "K",
        "vegsystemreferanse.strekning.retning": "MED",
        "vegsystemreferanse.strekning.fra_meter": 514.611,
        "vegsystemreferanse.strekning.til_meter": 580.375,
        "vegsystemreferanse.kortform": "FV112 S1D1 m515-580",
        "typeVeg": "Enkel bilveg",
        "lengde": 65.765
      }
    },
    {
      "type": "Feature",
      "geometry": {
        "type": "LineString",
        "coordinates": [
          [
            11.01172021,
            59.27947362,
            3.04
          ],
          [
            11.01161955,
            59.27956358,
            3.523
          ],
          [
            11.01157785,
            59.27960456,
            3.523
          ],
          [
            11.01144682,
            59.27971832,
            3.523
          ],
          [
            11.01127213,
            59.27987479,
            3.523
          ]
        ]
      },
      "properties": {
        "vegsystemreferanse.vegsystem.vegkategori": "F",
        "vegsystemreferanse.vegsystem.fase": "V",
        "vegsystemreferanse.vegsystem.nummer": 112,
        "vegsystemreferanse.strekning.strekning": 1,
        "vegsystemreferanse.strekning.delstrekning": 1,
        "vegsystemreferanse.strekning.arm": false,
        "vegsystemreferanse.strekning.adskilte_løp": "Nei",
        "vegsystemreferanse.strekning.trafikantgruppe": "K",
        "vegsystemreferanse.strekning.retning": "MED",
        "vegsystemreferanse.strekning.fra_meter": 1362.7,
        "vegsystemreferanse.strekning.til_meter": 1414.203,
        "vegsystemreferanse.kortform": "FV112 S1D1 m1363-1414",
        "typeVeg": "Enkel bilveg",
        "lengde": 51.504
      }
    },
    {
      "type": "Feature",
      "geometry": {
        "type": "LineString",
        "coordinates": [
          [
            10.89035239,
            59.32440932,
            7.3
          ],
          [
            10.89041655,
            59.32441856,
            7.319
          ],
          [
            10.89052391,
            59.32443274,
            7.319
          ],
          [
            10.89058263,
            59.32444178,
            7.319
          ],
          [
            10.89066578,
            59.3244525,
            7.319
          ],
          [
            10.8908632,
            59.32447852,
            7.319
          ],
          [
            10.89096684,
            59.32449438,
            7.319
          ],
          [
            10.89121499,
            59.32453728,
            7.219
          ],
          [
            10.891426,
            59.32456732,
            7.219
          ],
          [
            10.89153479,
            59.32458424,
            7.219
          ],
          [
            10.89177844,
            59.3246207,
            7.219
          ],
          [
            10.89202736,
            59.32465734,
            7.319
          ],
          [
            10.89210153,
            59.32466957,
            7.419
          ],
          [
            10.89219126,
            59.32468409,
            7.419
          ],
          [
            10.89238803,
            59.32471548,
            7.519
          ],
          [
            10.89257339,
            59.32473931,
            7.52
          ],
          [
            10.89282395,
            59.32477689,
            7.82
          ],
          [
            10.89306696,
            59.32481873,
            8.12
          ],
          [
            10.89331423,
            59.3248544,
            8.22
          ],
          [
            10.89343847,
            59.32487451,
            8.22
          ],
          [
            10.8936301,
            59.32490483,
            8.22
          ],
          [
            10.89371128,
            59.32491728,
            8.22
          ],
          [
            10.89378524,
            59.32493131,
            8.22
          ],
          [
            10.89385941,
            59.32494354,
            8.22
          ],
          [
            10.89399428,
            59.32496308,
            8.22
          ],
          [
            10.89410701,
            59.32497653,
            8.22
          ],
          [
            10.89416595,
            59.32498378,
            8.12
          ],
          [
            10.89420539,
            59.32499222,
            8.12
          ],
          [
            10.89428504,
            59.32500282,
            8.22
          ],
          [
            10.89441411,
            59.32502668,
            8.42
          ],
          [
            10.89447448,
            59.32503667,
            8.42
          ],
          [
            10.89453517,
            59.32504398,
            8.42
          ],
          [
            10.89483001,
            59.32509374,
            8.62
          ],
          [
            10.89489717,
            59.32510575,
            9.02
          ],
          [
            10.89497825,
            59.3251191,
            9.22
          ],
          [
            10.89504924,
            59.32512853,
            9.52
          ],
          [
            10.89511673,
            59.32513786,
            9.62
          ],
          [
            10.89536773,
            59.32517185,
            10.32
          ],
          [
            10.89548726,
            59.32518731,
            10.92
          ]
        ]
      },
      "properties": {
        "vegsystemreferanse.vegsystem.vegkategori": "F",
        "vegsystemreferanse.vegsystem.fase": "V",
        "vegsystemreferanse.vegsystem.nummer": 1086,
        "vegsystemreferanse.strekning.strekning": 1,
        "vegsystemreferanse.strekning.delstrekning": 1,
        "vegsystemreferanse.strekning.arm": false,
        "vegsystemreferanse.strekning.adskilte_løp": "Nei",
        "vegsystemreferanse.strekning.trafikantgruppe": "K",
        "vegsystemreferanse.strekning.retning": "MED",
        "vegsystemreferanse.strekning.fra_meter": 431.242,
        "vegsystemreferanse.strekning.til_meter": 736.488,
        "vegsystemreferanse.kortform": "FV1086 S1D1 m431-736",
        "typeVeg": "Enkel bilveg",
        "lengde": 305.246
      }
    },
    {
      "type": "Feature",
      "geometry": {
        "type": "LineString",
        "coordinates": [
          [
            10.89548726,
            59.32518731,
            10.92
          ],
          [
            10.89559309,
            59.32519964,
            11.02
          ],
          [
            10.89563493,
            59.32520275,
            11.02
          ],
          [
            10.89581745,
            59.3252211,
            11.62
          ],
          [
            10.89588197,
            59.32522583,
            11.72
          ],
          [
            10.89598188,
            59.32522898,
            11.72
          ],
          [
            10.89603764,
            59.32523344,
            11.82
          ],
          [
            10.89618103,
            59.32524066,
            12.12
          ],
          [
            10.89637897,
            59.3252478,
            12.42
          ],
          [
            10.89647866,
            59.32525274,
            12.52
          ],
          [
            10.89669774,
            59.32525965,
            12.72
          ],
          [
            10.896773,
            59.32526292,
            12.72
          ],
          [
            10.89696569,
            59.3252699,
            12.82
          ],
          [
            10.89722168,
            59.32527707,
            13.12
          ],
          [
            10.89748119,
            59.32528435,
            13.22
          ],
          [
            10.89753377,
            59.32528601,
            13.22
          ],
          [
            10.89759347,
            59.32528699,
            13.22
          ],
          [
            10.89765152,
            59.32528702,
            12.92
          ]
        ]
      },
      "properties": {
        "vegsystemreferanse.vegsystem.vegkategori": "F",
        "vegsystemreferanse.vegsystem.fase": "V",
        "vegsystemreferanse.vegsystem.nummer": 1086,
        "vegsystemreferanse.strekning.strekning": 1,
        "vegsystemreferanse.strekning.delstrekning": 1,
        "vegsystemreferanse.strekning.arm": false,
        "vegsystemreferanse.strekning.adskilte_løp": "Nei",
        "vegsystemreferanse.strekning.trafikantgruppe": "K",
        "vegsystemreferanse.strekning.retning": "MED",
        "vegsystemreferanse.strekning.fra_meter": 736.488,
        "vegsystemreferanse.strekning.til_meter": 860.425,
        "vegsystemreferanse.kortform": "FV1086 S1D1 m736-860",
        "typeVeg": "Enkel bilveg",
        "lengde": 123.937
      }
    },
    {
      "type": "Feature",
      "geometry": {
        "type": "LineString",
        "coordinates": [
          [
            10.89765152,
            59.32528702,
            12.92
          ],
          [
            10.89785286,
            59.32529517,
            13.32
          ],
          [
            10.89811347,
            59.32530788,
            13.22
          ],
          [
            10.89829718,
            59.32531637,
            13.02
          ],
          [
            10.89851615,
            59.32532417,
            12.72
          ],
          [
            10.89860554,
            59.32532699,
            12.72
          ],
          [
            10.89885628,
            59.32533399,
            12.321
          ],
          [
            10.899024,
            59.32534377,
            12.221
          ],
          [
            10.89913113,
            59.32534535,
            12.221
          ],
          [
            10.89939031,
            59.32535532,
            12.121
          ],
          [
            10.89964981,
            59.32536259,
            11.721
          ],
          [
            10.89990527,
            59.32537424,
            11.621
          ],
          [
            10.90002796,
            59.3253781,
            11.921
          ],
          [
            10.90026994,
            59.32538483,
            12.021
          ],
          [
            10.90036798,
            59.32538882,
            12.121
          ],
          [
            10.90062562,
            59.32539693,
            12.721
          ],
          [
            10.9008148,
            59.32540379,
            13.321
          ],
          [
            10.90095491,
            59.32540911,
            13.421
          ],
          [
            10.90117389,
            59.3254169,
            13.821
          ],
          [
            10.90143021,
            59.32542138,
            14.421
          ],
          [
            10.90151752,
            59.32542683,
            14.521
          ],
          [
            10.90165927,
            59.32543309,
            15.221
          ],
          [
            10.9017434,
            59.32543574,
            15.421
          ],
          [
            10.90186248,
            59.32544039,
            15.921
          ],
          [
            10.90211147,
            59.32544733,
            16.321
          ],
          [
            10.90237591,
            59.32545746,
            16.721
          ],
          [
            10.90251952,
            59.32546288,
            16.721
          ],
          [
            10.90260343,
            59.32546732,
            16.721
          ],
          [
            10.90286469,
            59.32547464,
            16.821
          ],
          [
            10.90289098,
            59.32547547,
            16.821
          ],
          [
            10.9030679,
            59.32548194,
            16.921
          ],
          [
            10.90315203,
            59.32548459,
            16.921
          ],
          [
            10.9032113,
            59.32548915,
            16.921
          ],
          [
            10.90330222,
            59.32549381,
            16.921
          ],
          [
            10.90355264,
            59.3255035,
            17.021
          ],
          [
            10.90381401,
            59.32550992,
            17.021
          ],
          [
            10.90409916,
            59.3255234,
            17.121
          ]
        ]
      },
      "properties": {
        "vegsystemreferanse.vegsystem.vegkategori": "F",
        "vegsystemreferanse.vegsystem.fase": "V",
        "vegsystemreferanse.vegsystem.nummer": 1086,
        "vegsystemreferanse.strekning.strekning": 1,
        "vegsystemreferanse.strekning.delstrekning": 1,
        "vegsystemreferanse.strekning.arm": false,
        "vegsystemreferanse.strekning.adskilte_løp": "Nei",
        "vegsystemreferanse.strekning.trafikantgruppe": "K",
        "vegsystemreferanse.strekning.retning": "MED",
        "vegsystemreferanse.strekning.fra_meter": 860.425,
        "vegsystemreferanse.strekning.til_meter": 1228.642,
        "vegsystemreferanse.kortform": "FV1086 S1D1 m860-1229",
        "typeVeg": "Enkel bilveg",
        "lengde": 368.218
      }
    },
    {
      "type": "Feature",
      "geometry": {
        "type": "LineString",
        "coordinates": [
          [
            10.90409916,
            59.3255234,
            17.121
          ],
          [
            10.90432569,
            59.32552693,
            17.221
          ],
          [
            10.90444258,
            59.3255351,
            17.221
          ],
          [
            10.90462321,
            59.32553989,
            17.221
          ],
          [
            10.90488579,
            59.32555085,
            17.221
          ],
          [
            10.9050592,
            59.32555721,
            17.221
          ],
          [
            10.90531313,
            59.325567,
            17.221
          ],
          [
            10.90546036,
            59.32557163,
            17.322
          ],
          [
            10.90567923,
            59.32558031,
            17.122
          ],
          [
            10.9059337,
            59.32558562,
            17.022
          ],
          [
            10.90606997,
            59.32559351,
            17.022
          ],
          [
            10.90632905,
            59.32560435,
            16.922
          ],
          [
            10.90658484,
            59.3256133,
            16.922
          ],
          [
            10.90684249,
            59.3256214,
            17.022
          ],
          [
            10.90697044,
            59.32562543,
            17.022
          ],
          [
            10.90721045,
            59.32563388,
            17.122
          ],
          [
            10.90736819,
            59.32563884,
            17.122
          ],
          [
            10.90746284,
            59.32564181,
            17.222
          ],
          [
            10.90766737,
            59.32565274,
            17.422
          ],
          [
            10.90791965,
            59.32566157,
            17.922
          ],
          [
            10.90806709,
            59.32566441,
            17.922
          ],
          [
            10.90834195,
            59.32567575,
            18.622
          ],
          [
            10.90859609,
            59.32568374,
            18.922
          ],
          [
            10.908766,
            59.32568998,
            19.322
          ],
          [
            10.90887456,
            59.3256943,
            19.522
          ],
          [
            10.90900393,
            59.32570106,
            20.222
          ],
          [
            10.90910023,
            59.32570499,
            20.522
          ],
          [
            10.90914558,
            59.32570821,
            21.122
          ],
          [
            10.90935229,
            59.32571561,
            21.822
          ],
          [
            10.9096117,
            59.32572376,
            22.222
          ],
          [
            10.90986967,
            59.32572917,
            22.922
          ],
          [
            10.91000288,
            59.32573336,
            23.522
          ],
          [
            10.91023753,
            59.32574253,
            24.122
          ],
          [
            10.91049714,
            59.32574889,
            24.822
          ],
          [
            10.9107514,
            59.32575599,
            25.822
          ],
          [
            10.91084254,
            59.32575885,
            26.022
          ],
          [
            10.91094223,
            59.32576378,
            25.922
          ],
          [
            10.91102965,
            59.32576833,
            26.022
          ]
        ]
      },
      "properties": {
        "vegsystemreferanse.vegsystem.vegkategori": "F",
        "vegsystemreferanse.vegsystem.fase": "V",
        "vegsystemreferanse.vegsystem.nummer": 1086,
        "vegsystemreferanse.strekning.strekning": 1,
        "vegsystemreferanse.strekning.delstrekning": 1,
        "vegsystemreferanse.strekning.arm": false,
        "vegsystemreferanse.strekning.adskilte_løp": "Nei",
        "vegsystemreferanse.strekning.trafikantgruppe": "K",
        "vegsystemreferanse.strekning.retning": "MED",
        "vegsystemreferanse.strekning.fra_meter": 1228.642,
        "vegsystemreferanse.strekning.til_meter": 1624.497,
        "vegsystemreferanse.kortform": "FV1086 S1D1 m1229-1624",
        "typeVeg": "Enkel bilveg",
        "lengde": 395.854
      }
    },
    {
      "type": "Feature",
      "geometry": {
        "type": "LineString",
        "coordinates": [
          [
            10.91102965,
            59.32576833,
            26.022
          ],
          [
            10.91108048,
            59.32576992,
            26.722
          ],
          [
            10.91114522,
            59.32577286,
            26.922
          ],
          [
            10.91131502,
            59.32577999,
            27.422
          ],
          [
            10.9115672,
            59.32578971,
            27.922
          ],
          [
            10.91178092,
            59.32579732,
            28.022
          ],
          [
            10.91188609,
            59.32580063,
            28.122
          ],
          [
            10.91209259,
            59.32580981,
            28.522
          ],
          [
            10.91219775,
            59.32581312,
            28.823
          ],
          [
            10.91245858,
            59.32582401,
            29.323
          ],
          [
            10.91274183,
            59.32582924,
            29.93
          ]
        ]
      },
      "properties": {
        "vegsystemreferanse.vegsystem.vegkategori": "F",
        "vegsystemreferanse.vegsystem.fase": "V",
        "vegsystemreferanse.vegsystem.nummer": 1086,
        "vegsystemreferanse.strekning.strekning": 1,
        "vegsystemreferanse.strekning.delstrekning": 1,
        "vegsystemreferanse.strekning.arm": false,
        "vegsystemreferanse.strekning.adskilte_løp": "Nei",
        "vegsystemreferanse.strekning.trafikantgruppe": "K",
        "vegsystemreferanse.strekning.retning": "MED",
        "vegsystemreferanse.strekning.fra_meter": 1624.497,
        "vegsystemreferanse.strekning.til_meter": 1722.394,
        "vegsystemreferanse.kortform": "FV1086 S1D1 m1624-1722",
        "typeVeg": "Enkel bilveg",
        "lengde": 97.897
      }
    },
    {
      "type": "Feature",
      "geometry": {
        "type": "LineString",
        "coordinates": [
          [
            10.91274183,
            59.32582924,
            29.93
          ],
          [
            10.91314894,
            59.32584749,
            31.323
          ],
          [
            10.91340935,
            59.32586196,
            31.723
          ],
          [
            10.91371767,
            59.32589933,
            31.72
          ]
        ]
      },
      "properties": {
        "vegsystemreferanse.vegsystem.vegkategori": "F",
        "vegsystemreferanse.vegsystem.fase": "V",
        "vegsystemreferanse.vegsystem.nummer": 1086,
        "vegsystemreferanse.strekning.strekning": 1,
        "vegsystemreferanse.strekning.delstrekning": 1,
        "vegsystemreferanse.strekning.arm": false,
        "vegsystemreferanse.strekning.adskilte_løp": "Nei",
        "vegsystemreferanse.strekning.trafikantgruppe": "K",
        "vegsystemreferanse.strekning.retning": "MED",
        "vegsystemreferanse.strekning.fra_meter": 1722.394,
        "vegsystemreferanse.strekning.til_meter": 1778.676,
        "vegsystemreferanse.kortform": "FV1086 S1D1 m1722-1779",
        "typeVeg": "Enkel bilveg",
        "lengde": 56.282
      }
    },
    {
      "type": "Feature",
      "geometry": {
        "type": "LineString",
        "coordinates": [
          [
            10.91371767,
            59.32589933,
            31.72
          ],
          [
            10.91389095,
            59.32592592,
            31.523
          ],
          [
            10.9140607,
            59.32595645,
            31.423
          ],
          [
            10.91418227,
            59.32598619,
            31.323
          ],
          [
            10.91443392,
            59.32604698,
            30.823
          ],
          [
            10.91447645,
            59.32605911,
            30.823
          ],
          [
            10.91452566,
            59.32607414,
            30.023
          ]
        ]
      },
      "properties": {
        "vegsystemreferanse.vegsystem.vegkategori": "F",
        "vegsystemreferanse.vegsystem.fase": "V",
        "vegsystemreferanse.vegsystem.nummer": 1086,
        "vegsystemreferanse.strekning.strekning": 1,
        "vegsystemreferanse.strekning.delstrekning": 1,
        "vegsystemreferanse.strekning.arm": false,
        "vegsystemreferanse.strekning.adskilte_løp": "Nei",
        "vegsystemreferanse.strekning.trafikantgruppe": "K",
        "vegsystemreferanse.strekning.retning": "MED",
        "vegsystemreferanse.strekning.fra_meter": 1778.676,
        "vegsystemreferanse.strekning.til_meter": 1828.898,
        "vegsystemreferanse.kortform": "FV1086 S1D1 m1779-1829",
        "typeVeg": "Enkel bilveg",
        "lengde": 50.222
      }
    },
    {
      "type": "Feature",
      "geometry": {
        "type": "LineString",
        "coordinates": [
          [
            10.91452566,
            59.32607414,
            30.023
          ],
          [
            10.91462026,
            59.32610678,
            30.423
          ],
          [
            10.91467989,
            59.32612304,
            30.423
          ],
          [
            10.9147815,
            59.3261559,
            29.723
          ],
          [
            10.91529118,
            59.32630676,
            28.123
          ],
          [
            10.91536396,
            59.32633063,
            27.223
          ],
          [
            10.91539937,
            59.32634343,
            27.123
          ],
          [
            10.91548925,
            59.32637142,
            26.923
          ],
          [
            10.91555743,
            59.32638975,
            26.823
          ],
          [
            10.91561169,
            59.32640673,
            26.823
          ],
          [
            10.91575769,
            59.32645088,
            26.823
          ],
          [
            10.91578848,
            59.32645814,
            26.423
          ],
          [
            10.91601253,
            59.32652631,
            26.223
          ],
          [
            10.91622978,
            59.32659247,
            25.823
          ],
          [
            10.91633862,
            59.32662376,
            25.723
          ],
          [
            10.91644889,
            59.32665779,
            25.723
          ],
          [
            10.91653066,
            59.32668013,
            25.623
          ],
          [
            10.916685,
            59.32672813,
            25.723
          ],
          [
            10.91673092,
            59.32674126,
            25.723
          ],
          [
            10.91683275,
            59.32677233,
            25.723
          ],
          [
            10.91704947,
            59.32684297,
            25.823
          ],
          [
            10.91713914,
            59.32687276,
            25.923
          ],
          [
            10.91736187,
            59.32693729,
            26.123
          ],
          [
            10.91747783,
            59.3269679,
            26.223
          ],
          [
            10.91764784,
            59.32701729,
            26.323
          ],
          [
            10.9177089,
            59.32703629,
            26.323
          ],
          [
            10.91809727,
            59.32715726,
            26.424
          ],
          [
            10.91830992,
            59.32721788,
            26.624
          ],
          [
            10.91869007,
            59.3273341,
            27.024
          ],
          [
            10.91890766,
            59.32739757,
            27.124
          ],
          [
            10.91913676,
            59.32746769,
            27.124
          ],
          [
            10.91967291,
            59.32763286,
            28.024
          ],
          [
            10.91989182,
            59.32769996,
            28.224
          ],
          [
            10.92011588,
            59.32776812,
            28.424
          ],
          [
            10.92022123,
            59.3277993,
            28.324
          ],
          [
            10.92029248,
            59.32782131,
            28.324
          ],
          [
            10.92037239,
            59.3278445,
            28.324
          ],
          [
            10.92046382,
            59.32787434,
            28.324
          ],
          [
            10.92068492,
            59.32793791,
            28.324
          ],
          [
            10.92084846,
            59.3279826,
            28.324
          ],
          [
            10.92089604,
            59.32799668,
            28.324
          ],
          [
            10.92099097,
            59.32802663,
            28.324
          ],
          [
            10.9210403,
            59.32804076,
            28.324
          ],
          [
            10.92109807,
            59.32805786,
            28.324
          ],
          [
            10.92124376,
            59.32810468,
            28.324
          ],
          [
            10.92129824,
            59.32811988,
            28.424
          ],
          [
            10.92140842,
            59.3281548,
            28.524
          ],
          [
            10.92145621,
            59.32816708,
            28.524
          ],
          [
            10.92159224,
            59.32820641,
            28.624
          ],
          [
            10.92166711,
            59.32822764,
            28.624
          ],
          [
            10.92210266,
            59.32836627,
            28.924
          ],
          [
            10.92215507,
            59.32838409,
            28.924
          ],
          [
            10.92219749,
            59.32839711,
            28.924
          ],
          [
            10.92224267,
            59.32841651,
            28.924
          ],
          [
            10.92238607,
            59.32846776,
            28.524
          ]
        ]
      },
      "properties": {
        "vegsystemreferanse.vegsystem.vegkategori": "F",
        "vegsystemreferanse.vegsystem.fase": "V",
        "vegsystemreferanse.vegsystem.nummer": 1086,
        "vegsystemreferanse.strekning.strekning": 1,
        "vegsystemreferanse.strekning.delstrekning": 1,
        "vegsystemreferanse.strekning.arm": false,
        "vegsystemreferanse.strekning.adskilte_løp": "Nei",
        "vegsystemreferanse.strekning.trafikantgruppe": "K",
        "vegsystemreferanse.strekning.retning": "MED",
        "vegsystemreferanse.strekning.fra_meter": 1828.898,
        "vegsystemreferanse.strekning.til_meter": 2350.405,
        "vegsystemreferanse.kortform": "FV1086 S1D1 m1829-2350",
        "typeVeg": "Enkel bilveg",
        "lengde": 521.507
      }
    },
    {
      "type": "Feature",
      "geometry": {
        "type": "LineString",
        "coordinates": [
          [
            10.86623088,
            59.25458822,
            15.81
          ],
          [
            10.86628577,
            59.25461334,
            15.61
          ],
          [
            10.86644398,
            59.25466962,
            15.41
          ],
          [
            10.86659006,
            59.25472462,
            15.31
          ],
          [
            10.86661193,
            59.25473251,
            15.31
          ],
          [
            10.86666419,
            59.25475036,
            15.31
          ],
          [
            10.86689336,
            59.25482958,
            15.01
          ],
          [
            10.86695655,
            59.25484418,
            14.91
          ],
          [
            10.86743936,
            59.25497462,
            13.71
          ],
          [
            10.86787549,
            59.2550847,
            12.41
          ],
          [
            10.86792655,
            59.25509801,
            12.41
          ],
          [
            10.86807862,
            59.25513252,
            12.61
          ],
          [
            10.86818052,
            59.25516094,
            12.61
          ],
          [
            10.86825323,
            59.25518393,
            12.81
          ],
          [
            10.86827696,
            59.25519098,
            13.01
          ],
          [
            10.86846829,
            59.25523482,
            13.31
          ],
          [
            10.86853006,
            59.25524668,
            13.31
          ],
          [
            10.8686407,
            59.25527537,
            13.41
          ],
          [
            10.86875496,
            59.25530328,
            13.51
          ],
          [
            10.86876676,
            59.25530725,
            13.51
          ],
          [
            10.86882307,
            59.25532073,
            13.51
          ],
          [
            10.86903058,
            59.2553615,
            14.11
          ],
          [
            10.86905299,
            59.25536491,
            14.21
          ],
          [
            10.86909792,
            59.25537083,
            14.21
          ],
          [
            10.86919588,
            59.25538833,
            14.41
          ],
          [
            10.86925426,
            59.25539918,
            14.81
          ],
          [
            10.86926628,
            59.25540136,
            14.91
          ],
          [
            10.86951478,
            59.25543713,
            15.61
          ],
          [
            10.86954757,
            59.25544177,
            16.01
          ],
          [
            10.86957173,
            59.25544524,
            16.01
          ],
          [
            10.86962191,
            59.25545133,
            16.31
          ],
          [
            10.86986199,
            59.25548413,
            17.11
          ],
          [
            10.86994486,
            59.25549576,
            17.21
          ],
          [
            10.87018089,
            59.25553293,
            17.61
          ],
          [
            10.87025676,
            59.25554433,
            17.61
          ],
          [
            10.87035111,
            59.25556262,
            17.71
          ],
          [
            10.87046498,
            59.25557927,
            17.6
          ]
        ]
      },
      "properties": {
        "vegsystemreferanse.vegsystem.vegkategori": "F",
        "vegsystemreferanse.vegsystem.fase": "V",
        "vegsystemreferanse.vegsystem.nummer": 1104,
        "vegsystemreferanse.strekning.strekning": 2,
        "vegsystemreferanse.strekning.delstrekning": 1,
        "vegsystemreferanse.strekning.arm": false,
        "vegsystemreferanse.strekning.adskilte_løp": "Nei",
        "vegsystemreferanse.strekning.trafikantgruppe": "K",
        "vegsystemreferanse.strekning.retning": "MED",
        "vegsystemreferanse.strekning.fra_meter": 177.882,
        "vegsystemreferanse.strekning.til_meter": 445.717,
        "vegsystemreferanse.kortform": "FV1104 S2D1 m178-446",
        "typeVeg": "Enkel bilveg",
        "lengde": 267.835
      }
    },
    {
      "type": "Feature",
      "geometry": {
        "type": "LineString",
        "coordinates": [
          [
            10.87046498,
            59.25557927,
            17.6
          ],
          [
            10.87056579,
            59.2555954,
            17.81
          ],
          [
            10.87096608,
            59.25566038,
            18.411
          ],
          [
            10.87102971,
            59.2556714,
            18.711
          ],
          [
            10.871373,
            59.25573625,
            18.811
          ],
          [
            10.87141269,
            59.25574201,
            18.811
          ],
          [
            10.87178529,
            59.25581139,
            18.911
          ],
          [
            10.8718487,
            59.2558242,
            18.911
          ],
          [
            10.8721438,
            59.25589561,
            18.811
          ],
          [
            10.87216425,
            59.25590076,
            18.811
          ],
          [
            10.87228932,
            59.25592631,
            18.711
          ],
          [
            10.8724038,
            59.25595242,
            18.611
          ],
          [
            10.87244961,
            59.25596557,
            18.511
          ],
          [
            10.87248876,
            59.2559758,
            18.511
          ],
          [
            10.87252615,
            59.25598598,
            18.511
          ],
          [
            10.87261318,
            59.25600673,
            18.011
          ],
          [
            10.87275981,
            59.25604285,
            16.511
          ],
          [
            10.87314928,
            59.25614694,
            14.311
          ],
          [
            10.87337408,
            59.25620443,
            13.311
          ],
          [
            10.87372059,
            59.25630085,
            12.111
          ],
          [
            10.8738624,
            59.25633322,
            11.611
          ],
          [
            10.8738741,
            59.25633809,
            11.511
          ],
          [
            10.87392702,
            59.25635056,
            11.511
          ],
          [
            10.87404675,
            59.25637684,
            10.711
          ],
          [
            10.87407561,
            59.25638495,
            10.711
          ],
          [
            10.87416932,
            59.25640861,
            10.411
          ],
          [
            10.87428883,
            59.25643668,
            9.711
          ],
          [
            10.87447712,
            59.25649121,
            9.411
          ],
          [
            10.87560784,
            59.25678156,
            9.011
          ],
          [
            10.87564698,
            59.25679179,
            9.011
          ],
          [
            10.87591334,
            59.25685419,
            9.011
          ],
          [
            10.87605975,
            59.25689211,
            8.911
          ],
          [
            10.87623777,
            59.25694451,
            9.111
          ],
          [
            10.87627856,
            59.2569557,
            9.011
          ],
          [
            10.8765119,
            59.25701525,
            8.911
          ],
          [
            10.87658713,
            59.25703202,
            8.811
          ],
          [
            10.8766862,
            59.25705495,
            8.711
          ],
          [
            10.8767974,
            59.25707916,
            8.811
          ],
          [
            10.87690313,
            59.25710499,
            8.711
          ],
          [
            10.87711067,
            59.25716013,
            8.511
          ],
          [
            10.87715485,
            59.25717232,
            8.311
          ],
          [
            10.87716524,
            59.25717355,
            8.311
          ],
          [
            10.8772163,
            59.25718686,
            8.311
          ],
          [
            10.87726551,
            59.25720101,
            8.311
          ],
          [
            10.87749318,
            59.25726397,
            8.211
          ],
          [
            10.87751855,
            59.25727197,
            8.211
          ],
          [
            10.877532,
            59.2572769,
            8.111
          ],
          [
            10.87757946,
            59.25729099,
            8.111
          ],
          [
            10.87766924,
            59.25731811,
            8.111
          ],
          [
            10.87771473,
            59.25733394,
            8.011
          ],
          [
            10.87775355,
            59.25734686,
            7.911
          ],
          [
            10.87779773,
            59.25735905,
            8.011
          ],
          [
            10.87783031,
            59.25736836,
            8.19
          ]
        ]
      },
      "properties": {
        "vegsystemreferanse.vegsystem.vegkategori": "F",
        "vegsystemreferanse.vegsystem.fase": "V",
        "vegsystemreferanse.vegsystem.nummer": 1104,
        "vegsystemreferanse.strekning.strekning": 2,
        "vegsystemreferanse.strekning.delstrekning": 1,
        "vegsystemreferanse.strekning.arm": false,
        "vegsystemreferanse.strekning.adskilte_løp": "Nei",
        "vegsystemreferanse.strekning.trafikantgruppe": "K",
        "vegsystemreferanse.strekning.retning": "MED",
        "vegsystemreferanse.strekning.fra_meter": 445.717,
        "vegsystemreferanse.strekning.til_meter": 914.32,
        "vegsystemreferanse.kortform": "FV1104 S2D1 m446-914",
        "typeVeg": "Enkel bilveg",
        "lengde": 468.603
      }
    },
    {
      "type": "Feature",
      "geometry": {
        "type": "LineString",
        "coordinates": [
          [
            10.87783031,
            59.25736836,
            8.19
          ],
          [
            10.87788936,
            59.25738534,
            7.911
          ],
          [
            10.87792097,
            59.25739983,
            7.911
          ],
          [
            10.87810908,
            59.25747053,
            8.011
          ],
          [
            10.87812264,
            59.25747456,
            8.011
          ],
          [
            10.87817547,
            59.25750231,
            8.011
          ],
          [
            10.87836905,
            59.25758578,
            8.011
          ],
          [
            10.87845874,
            59.25762818,
            8.111
          ],
          [
            10.87878841,
            59.25779149,
            8.211
          ],
          [
            10.87885108,
            59.25782495,
            8.211
          ],
          [
            10.87897743,
            59.25789819,
            8.211
          ],
          [
            10.87898727,
            59.2579039,
            8.211
          ],
          [
            10.87919141,
            59.25803085,
            8.511
          ],
          [
            10.87922565,
            59.25805262,
            8.611
          ],
          [
            10.87924851,
            59.25806683,
            8.811
          ],
          [
            10.8792845,
            59.25808865,
            8.711
          ],
          [
            10.87934183,
            59.25812284,
            8.911
          ],
          [
            10.87939554,
            59.25815781,
            9.011
          ],
          [
            10.87946096,
            59.25819765,
            9.111
          ],
          [
            10.8795033,
            59.25822507,
            9.111
          ],
          [
            10.87953896,
            59.25824958,
            9.111
          ],
          [
            10.87994767,
            59.25849991,
            9.011
          ],
          [
            10.88004764,
            59.25854444,
            9.011
          ],
          [
            10.88008264,
            59.25855993,
            9.011
          ],
          [
            10.88017518,
            59.25860782,
            9.011
          ],
          [
            10.88044136,
            59.25877361,
            8.911
          ],
          [
            10.8804628,
            59.25878508,
            9.111
          ],
          [
            10.88052165,
            59.25882111,
            9.211
          ],
          [
            10.88059407,
            59.25886117,
            9.211
          ],
          [
            10.88067359,
            59.25890056,
            9.211
          ],
          [
            10.88087774,
            59.25902751,
            9.511
          ],
          [
            10.88096076,
            59.25906701,
            9.611
          ],
          [
            10.88116195,
            59.25918937,
            9.711
          ],
          [
            10.88130219,
            59.25926395,
            9.711
          ],
          [
            10.8813384,
            59.25928398,
            9.711
          ],
          [
            10.8813652,
            59.25929472,
            9.711
          ],
          [
            10.8814083,
            59.25931587,
            9.711
          ],
          [
            10.88146496,
            59.25934104,
            9.711
          ],
          [
            10.88191829,
            59.25949837,
            9.911
          ],
          [
            10.88204963,
            59.2595304,
            9.711
          ],
          [
            10.88211284,
            59.25954499,
            9.711
          ]
        ]
      },
      "properties": {
        "vegsystemreferanse.vegsystem.vegkategori": "F",
        "vegsystemreferanse.vegsystem.fase": "V",
        "vegsystemreferanse.vegsystem.nummer": 1104,
        "vegsystemreferanse.strekning.strekning": 2,
        "vegsystemreferanse.strekning.delstrekning": 1,
        "vegsystemreferanse.strekning.arm": false,
        "vegsystemreferanse.strekning.adskilte_løp": "Nei",
        "vegsystemreferanse.strekning.trafikantgruppe": "K",
        "vegsystemreferanse.strekning.retning": "MED",
        "vegsystemreferanse.strekning.fra_meter": 914.32,
        "vegsystemreferanse.strekning.til_meter": 1261.127,
        "vegsystemreferanse.kortform": "FV1104 S2D1 m914-1261",
        "typeVeg": "Enkel bilveg",
        "lengde": 346.807
      }
    },
    {
      "type": "Feature",
      "geometry": {
        "type": "LineString",
        "coordinates": [
          [
            10.88211284,
            59.25954499,
            9.711
          ],
          [
            10.88222569,
            59.25957015,
            9.911
          ],
          [
            10.88234587,
            59.25959284,
            10.011
          ],
          [
            10.88243171,
            59.25960904,
            9.911
          ],
          [
            10.88258862,
            59.2596329,
            9.911
          ],
          [
            10.88266429,
            59.25964608,
            9.911
          ],
          [
            10.88270726,
            59.25965374,
            9.911
          ],
          [
            10.88282929,
            59.25967559,
            9.911
          ],
          [
            10.88301279,
            59.25971197,
            9.911
          ],
          [
            10.88302307,
            59.2597141,
            9.911
          ],
          [
            10.88306779,
            59.25972181,
            9.911
          ],
          [
            10.8831159,
            59.25973052,
            9.911
          ],
          [
            10.88318818,
            59.2597427,
            10.011
          ],
          [
            10.88323969,
            59.25975243,
            10.011
          ],
          [
            10.8833509,
            59.25977663,
            10.111
          ],
          [
            10.8834094,
            59.25978658,
            10.411
          ],
          [
            10.88346594,
            59.25979826,
            10.411
          ],
          [
            10.88360864,
            59.25982346,
            10.312
          ],
          [
            10.8837765,
            59.25985845,
            10.612
          ],
          [
            10.88385556,
            59.25987264,
            10.912
          ],
          [
            10.88408116,
            59.25992384,
            11.012
          ],
          [
            10.88422572,
            59.2599482,
            11.012
          ],
          [
            10.8842945,
            59.25996027,
            11.012
          ],
          [
            10.88432348,
            59.25996748,
            11.012
          ],
          [
            10.88464137,
            59.2600252,
            11.112
          ],
          [
            10.88472371,
            59.2600413,
            11.112
          ],
          [
            10.88493291,
            59.26008299,
            11.012
          ],
          [
            10.88496878,
            59.26009132,
            11.012
          ],
          [
            10.88559166,
            59.26021174,
            10.212
          ],
          [
            10.88613056,
            59.26031512,
            9.912
          ],
          [
            10.88620262,
            59.26032909,
            9.812
          ],
          [
            10.88633341,
            59.26035121,
            9.712
          ],
          [
            10.88657552,
            59.26039663,
            9.612
          ],
          [
            10.88664748,
            59.2604115,
            9.512
          ],
          [
            10.88674349,
            59.26043072,
            9.312
          ],
          [
            10.88691978,
            59.26046867,
            9.112
          ],
          [
            10.88701437,
            59.26048515,
            8.912
          ],
          [
            10.88715019,
            59.26050923,
            8.912
          ],
          [
            10.88781399,
            59.26063993,
            8.812
          ]
        ]
      },
      "properties": {
        "vegsystemreferanse.vegsystem.vegkategori": "F",
        "vegsystemreferanse.vegsystem.fase": "V",
        "vegsystemreferanse.vegsystem.nummer": 1104,
        "vegsystemreferanse.strekning.strekning": 2,
        "vegsystemreferanse.strekning.delstrekning": 1,
        "vegsystemreferanse.strekning.arm": false,
        "vegsystemreferanse.strekning.adskilte_løp": "Nei",
        "vegsystemreferanse.strekning.trafikantgruppe": "K",
        "vegsystemreferanse.strekning.retning": "MED",
        "vegsystemreferanse.strekning.fra_meter": 1261.127,
        "vegsystemreferanse.strekning.til_meter": 1608.722,
        "vegsystemreferanse.kortform": "FV1104 S2D1 m1261-1609",
        "typeVeg": "Enkel bilveg",
        "lengde": 347.595
      }
    },
    {
      "type": "Feature",
      "geometry": {
        "type": "LineString",
        "coordinates": [
          [
            10.93218283,
            59.34566406,
            49.629
          ],
          [
            10.93222257,
            59.34568508,
            49.729
          ],
          [
            10.93228259,
            59.34571303,
            49.729
          ],
          [
            10.93248207,
            59.34579659,
            49.829
          ],
          [
            10.93257939,
            59.34583649,
            49.829
          ],
          [
            10.93261976,
            59.34585214,
            49.829
          ],
          [
            10.93266991,
            59.34587438,
            49.729
          ],
          [
            10.93277063,
            59.34591529,
            49.629
          ],
          [
            10.93280739,
            59.34593173,
            49.629
          ],
          [
            10.93285106,
            59.34594927,
            49.629
          ],
          [
            10.93303815,
            59.34603334,
            49.729
          ],
          [
            10.93307556,
            59.3460444,
            49.729
          ],
          [
            10.9331256,
            59.34606754,
            49.729
          ],
          [
            10.93328009,
            59.34612991,
            49.429
          ],
          [
            10.93332168,
            59.34615009,
            49.429
          ],
          [
            10.93336402,
            59.346164,
            49.429
          ],
          [
            10.93343446,
            59.34619317,
            49.329
          ],
          [
            10.93346847,
            59.34620323,
            49.329
          ],
          [
            10.93357403,
            59.34624788,
            49.329
          ]
        ]
      },
      "properties": {
        "vegsystemreferanse.vegsystem.vegkategori": "F",
        "vegsystemreferanse.vegsystem.fase": "V",
        "vegsystemreferanse.vegsystem.nummer": 279,
        "vegsystemreferanse.strekning.strekning": 1,
        "vegsystemreferanse.strekning.delstrekning": 1,
        "vegsystemreferanse.strekning.arm": false,
        "vegsystemreferanse.strekning.adskilte_løp": "Nei",
        "vegsystemreferanse.strekning.trafikantgruppe": "K",
        "vegsystemreferanse.strekning.retning": "MED",
        "vegsystemreferanse.strekning.fra_meter": 84.151,
        "vegsystemreferanse.strekning.til_meter": 186.732,
        "vegsystemreferanse.kortform": "FV279 S1D1 m84-187",
        "typeVeg": "Enkel bilveg",
        "lengde": 102.581
      }
    },
    {
      "type": "Feature",
      "geometry": {
        "type": "LineString",
        "coordinates": [
          [
            10.93357403,
            59.34624788,
            49.329
          ],
          [
            10.93363778,
            59.34627415,
            49.329
          ],
          [
            10.93370339,
            59.34629958,
            49.329
          ],
          [
            10.93374477,
            59.34632155,
            49.429
          ],
          [
            10.93377483,
            59.34633508,
            49.429
          ],
          [
            10.93396039,
            59.34641729,
            49.529
          ],
          [
            10.93407461,
            59.34646312,
            49.629
          ],
          [
            10.93409963,
            59.34647469,
            49.629
          ],
          [
            10.93412125,
            59.34648526,
            49.629
          ],
          [
            10.93415297,
            59.34649973,
            49.629
          ],
          [
            10.93424911,
            59.34654949,
            49.529
          ],
          [
            10.93425711,
            59.34655477,
            49.529
          ]
        ]
      },
      "properties": {
        "vegsystemreferanse.vegsystem.vegkategori": "F",
        "vegsystemreferanse.vegsystem.fase": "V",
        "vegsystemreferanse.vegsystem.nummer": 279,
        "vegsystemreferanse.strekning.strekning": 1,
        "vegsystemreferanse.strekning.delstrekning": 1,
        "vegsystemreferanse.strekning.arm": false,
        "vegsystemreferanse.strekning.adskilte_løp": "Nei",
        "vegsystemreferanse.strekning.trafikantgruppe": "K",
        "vegsystemreferanse.strekning.retning": "MED",
        "vegsystemreferanse.strekning.fra_meter": 186.732,
        "vegsystemreferanse.strekning.til_meter": 242.496,
        "vegsystemreferanse.kortform": "FV279 S1D1 m187-242",
        "typeVeg": "Enkel bilveg",
        "lengde": 55.763
      }
    },
    {
      "type": "Feature",
      "geometry": {
        "type": "LineString",
        "coordinates": [
          [
            10.93425711,
            59.34655477,
            49.529
          ],
          [
            10.93436935,
            59.34663326,
            49.529
          ],
          [
            10.93440998,
            59.34666151,
            49.529
          ],
          [
            10.93447116,
            59.34670927,
            49.429
          ],
          [
            10.93457222,
            59.34679155,
            49.429
          ],
          [
            10.93460608,
            59.34683217,
            49.329
          ],
          [
            10.93470385,
            59.3469566,
            49.029
          ]
        ]
      },
      "properties": {
        "vegsystemreferanse.vegsystem.vegkategori": "F",
        "vegsystemreferanse.vegsystem.fase": "V",
        "vegsystemreferanse.vegsystem.nummer": 279,
        "vegsystemreferanse.strekning.strekning": 1,
        "vegsystemreferanse.strekning.delstrekning": 1,
        "vegsystemreferanse.strekning.arm": false,
        "vegsystemreferanse.strekning.adskilte_løp": "Nei",
        "vegsystemreferanse.strekning.trafikantgruppe": "K",
        "vegsystemreferanse.strekning.retning": "MED",
        "vegsystemreferanse.strekning.fra_meter": 242.496,
        "vegsystemreferanse.strekning.til_meter": 290.335,
        "vegsystemreferanse.kortform": "FV279 S1D1 m242-290",
        "typeVeg": "Enkel bilveg",
        "lengde": 47.839
      }
    },
    {
      "type": "Feature",
      "geometry": {
        "type": "LineString",
        "coordinates": [
          [
            10.93664732,
            59.34918023,
            46.63
          ],
          [
            10.93667458,
            59.34921553,
            46.53
          ],
          [
            10.93669151,
            59.34923584,
            46.53
          ],
          [
            10.93672173,
            59.34926286,
            46.53
          ],
          [
            10.93680357,
            59.34932925,
            46.53
          ],
          [
            10.93684113,
            59.3493538,
            46.53
          ],
          [
            10.9368731,
            59.34938087,
            46.53
          ],
          [
            10.93700206,
            59.3494802,
            46.03
          ],
          [
            10.93703324,
            59.34949915,
            46.03
          ],
          [
            10.93708748,
            59.34953142,
            46.03
          ],
          [
            10.93723871,
            59.34963593,
            46.03
          ],
          [
            10.93733025,
            59.34968015,
            46.03
          ],
          [
            10.93737142,
            59.34970391,
            46.03
          ],
          [
            10.93742268,
            59.34973159,
            46.03
          ],
          [
            10.93748304,
            59.34975685,
            46.03
          ],
          [
            10.93757183,
            59.34979468,
            46.03
          ],
          [
            10.93765753,
            59.34982882,
            46.13
          ],
          [
            10.93774248,
            59.34986924,
            45.93
          ],
          [
            10.9379324,
            59.34993001,
            46.03
          ],
          [
            10.93809754,
            59.3499918,
            46.03
          ],
          [
            10.9381637,
            59.35001275,
            46.03
          ],
          [
            10.93836923,
            59.35009019,
            45.931
          ],
          [
            10.93851178,
            59.35014948,
            45.931
          ],
          [
            10.93869971,
            59.35024166,
            46.131
          ],
          [
            10.93882222,
            59.35030662,
            46.431
          ],
          [
            10.93897299,
            59.35040033,
            47.131
          ],
          [
            10.93902834,
            59.35043802,
            47.631
          ],
          [
            10.93906786,
            59.35046083,
            47.631
          ],
          [
            10.93917528,
            59.35053432,
            47.831
          ],
          [
            10.9392456,
            59.35059405,
            47.831
          ],
          [
            10.93931778,
            59.35065295,
            47.831
          ],
          [
            10.93942008,
            59.35073975,
            47.631
          ],
          [
            10.93947314,
            59.35078187,
            47.531
          ],
          [
            10.93950985,
            59.35081358,
            47.431
          ],
          [
            10.93963896,
            59.3509264,
            47.231
          ],
          [
            10.93972745,
            59.35101098,
            46.731
          ],
          [
            10.9398026,
            59.35107446,
            46.631
          ],
          [
            10.93985545,
            59.35111837,
            46.431
          ],
          [
            10.9399048,
            59.35116216,
            46.431
          ],
          [
            10.93996736,
            59.35122795,
            46.531
          ],
          [
            10.940009,
            59.35126251,
            46.631
          ],
          [
            10.94001527,
            59.351269,
            46.631
          ],
          [
            10.94003582,
            59.35128853,
            46.631
          ],
          [
            10.94010103,
            59.35136159,
            46.531
          ],
          [
            10.9401151,
            59.35137641,
            46.531
          ],
          [
            10.94015313,
            59.35141176,
            46.631
          ],
          [
            10.94017172,
            59.35143302,
            46.631
          ],
          [
            10.94020359,
            59.35146099,
            46.631
          ],
          [
            10.94028326,
            59.35153091,
            46.631
          ],
          [
            10.94039889,
            59.35163881,
            46.631
          ],
          [
            10.94044034,
            59.35167939,
            46.631
          ]
        ]
      },
      "properties": {
        "vegsystemreferanse.vegsystem.vegkategori": "F",
        "vegsystemreferanse.vegsystem.fase": "V",
        "vegsystemreferanse.vegsystem.nummer": 279,
        "vegsystemreferanse.strekning.strekning": 1,
        "vegsystemreferanse.strekning.delstrekning": 1,
        "vegsystemreferanse.strekning.arm": false,
        "vegsystemreferanse.strekning.adskilte_løp": "Nei",
        "vegsystemreferanse.strekning.trafikantgruppe": "K",
        "vegsystemreferanse.strekning.retning": "MED",
        "vegsystemreferanse.strekning.fra_meter": 563.995,
        "vegsystemreferanse.strekning.til_meter": 921.392,
        "vegsystemreferanse.kortform": "FV279 S1D1 m564-921",
        "typeVeg": "Enkel bilveg",
        "lengde": 357.397
      }
    },
    {
      "type": "Feature",
      "geometry": {
        "type": "LineString",
        "coordinates": [
          [
            10.9434978,
            59.35463931,
            49.0
          ],
          [
            10.94360225,
            59.35475693,
            49.132
          ],
          [
            10.94362227,
            59.35478093,
            49.132
          ],
          [
            10.94369762,
            59.35490195,
            48.932
          ],
          [
            10.9437093,
            59.3549221,
            48.932
          ],
          [
            10.94373101,
            59.35496144,
            48.832
          ],
          [
            10.94374326,
            59.35499149,
            48.832
          ],
          [
            10.94378919,
            59.35506395,
            48.632
          ],
          [
            10.9438059,
            59.35511572,
            48.632
          ],
          [
            10.94381873,
            59.35515568,
            48.632
          ],
          [
            10.94384188,
            59.35519776,
            48.532
          ],
          [
            10.94386023,
            59.35525048,
            48.432
          ],
          [
            10.94391294,
            59.35535461,
            48.332
          ],
          [
            10.94393634,
            59.35540929,
            48.232
          ],
          [
            10.94397482,
            59.35548511,
            48.132
          ],
          [
            10.94402159,
            59.35558008,
            47.932
          ],
          [
            10.94409053,
            59.35572518,
            47.932
          ],
          [
            10.94411038,
            59.35576536,
            47.932
          ],
          [
            10.94417084,
            59.35589312,
            47.933
          ],
          [
            10.94420087,
            59.35596598,
            47.833
          ]
        ]
      },
      "properties": {
        "vegsystemreferanse.vegsystem.vegkategori": "F",
        "vegsystemreferanse.vegsystem.fase": "V",
        "vegsystemreferanse.vegsystem.nummer": 279,
        "vegsystemreferanse.strekning.strekning": 1,
        "vegsystemreferanse.strekning.delstrekning": 1,
        "vegsystemreferanse.strekning.arm": false,
        "vegsystemreferanse.strekning.adskilte_løp": "Nei",
        "vegsystemreferanse.strekning.trafikantgruppe": "K",
        "vegsystemreferanse.strekning.retning": "MED",
        "vegsystemreferanse.strekning.fra_meter": 1298.788,
        "vegsystemreferanse.strekning.til_meter": 1452.304,
        "vegsystemreferanse.kortform": "FV279 S1D1 m1299-1452",
        "typeVeg": "Enkel bilveg",
        "lengde": 153.516
      }
    },
    {
      "type": "Feature",
      "geometry": {
        "type": "LineString",
        "coordinates": [
          [
            10.94420087,
            59.35596598,
            47.833
          ],
          [
            10.94422922,
            59.35602351,
            47.933
          ],
          [
            10.94426563,
            59.35610196,
            48.033
          ],
          [
            10.94429891,
            59.35616234,
            48.033
          ],
          [
            10.9443555,
            59.35627829,
            48.033
          ],
          [
            10.94440947,
            59.35640135,
            48.033
          ],
          [
            10.94443197,
            59.3564488,
            48.033
          ],
          [
            10.94446573,
            59.35651998,
            48.233
          ],
          [
            10.94451956,
            59.35662955,
            48.433
          ],
          [
            10.94453877,
            59.3566751,
            48.533
          ],
          [
            10.94455554,
            59.35671159,
            48.533
          ],
          [
            10.94458001,
            59.35675731,
            48.733
          ],
          [
            10.9446385,
            59.3568868,
            48.733
          ],
          [
            10.94471404,
            59.35703571,
            48.833
          ]
        ]
      },
      "properties": {
        "vegsystemreferanse.vegsystem.vegkategori": "F",
        "vegsystemreferanse.vegsystem.fase": "V",
        "vegsystemreferanse.vegsystem.nummer": 279,
        "vegsystemreferanse.strekning.strekning": 1,
        "vegsystemreferanse.strekning.delstrekning": 1,
        "vegsystemreferanse.strekning.arm": false,
        "vegsystemreferanse.strekning.adskilte_løp": "Nei",
        "vegsystemreferanse.strekning.trafikantgruppe": "K",
        "vegsystemreferanse.strekning.retning": "MED",
        "vegsystemreferanse.strekning.fra_meter": 1452.304,
        "vegsystemreferanse.strekning.til_meter": 1575.002,
        "vegsystemreferanse.kortform": "FV279 S1D1 m1452-1575",
        "typeVeg": "Enkel bilveg",
        "lengde": 122.697
      }
    },
    {
      "type": "Feature",
      "geometry": {
        "type": "LineString",
        "coordinates": [
          [
            10.94471404,
            59.35703571,
            48.833
          ],
          [
            10.94474526,
            59.35709872,
            49.033
          ],
          [
            10.9447597,
            59.35712524,
            49.133
          ],
          [
            10.94479324,
            59.35719821,
            49.233
          ],
          [
            10.94482041,
            59.35726559,
            49.233
          ],
          [
            10.94483442,
            59.3572957,
            49.233
          ],
          [
            10.94490057,
            59.35742004,
            49.333
          ],
          [
            10.94493046,
            59.35747941,
            49.333
          ],
          [
            10.94494824,
            59.35752222,
            49.333
          ],
          [
            10.9450278,
            59.35768024,
            49.503
          ]
        ]
      },
      "properties": {
        "vegsystemreferanse.vegsystem.vegkategori": "F",
        "vegsystemreferanse.vegsystem.fase": "V",
        "vegsystemreferanse.vegsystem.nummer": 279,
        "vegsystemreferanse.strekning.strekning": 1,
        "vegsystemreferanse.strekning.delstrekning": 1,
        "vegsystemreferanse.strekning.arm": false,
        "vegsystemreferanse.strekning.adskilte_løp": "Nei",
        "vegsystemreferanse.strekning.trafikantgruppe": "K",
        "vegsystemreferanse.strekning.retning": "MED",
        "vegsystemreferanse.strekning.fra_meter": 1575.002,
        "vegsystemreferanse.strekning.til_meter": 1649.003,
        "vegsystemreferanse.kortform": "FV279 S1D1 m1575-1649",
        "typeVeg": "Enkel bilveg",
        "lengde": 74.001
      }
    },
    {
      "type": "Feature",
      "geometry": {
        "type": "LineString",
        "coordinates": [
          [
            10.9450278,
            59.35768024,
            49.503
          ],
          [
            10.94506189,
            59.35776492,
            49.633
          ],
          [
            10.94509808,
            59.35784517,
            49.533
          ],
          [
            10.94511597,
            59.35788708,
            49.533
          ],
          [
            10.94515769,
            59.35798009,
            49.533
          ],
          [
            10.94518625,
            59.35803582,
            49.533
          ],
          [
            10.94519926,
            59.3580596,
            49.533
          ],
          [
            10.94525782,
            59.35817382,
            49.533
          ],
          [
            10.9452714,
            59.3582075,
            49.433
          ],
          [
            10.94529344,
            59.35824415,
            49.433
          ],
          [
            10.94535215,
            59.35837186,
            49.433
          ],
          [
            10.94538512,
            59.35843492,
            49.333
          ],
          [
            10.94542031,
            59.35850884,
            49.333
          ],
          [
            10.94547881,
            59.35863834,
            49.333
          ],
          [
            10.94554278,
            59.3587662,
            49.633
          ],
          [
            10.9455645,
            59.35880554,
            49.633
          ],
          [
            10.94558615,
            59.35886016,
            49.633
          ],
          [
            10.9456464,
            59.35898971,
            49.833
          ],
          [
            10.94567661,
            59.35904639,
            50.233
          ],
          [
            10.9456851,
            59.35906374,
            50.233
          ],
          [
            10.94574732,
            59.35919155,
            50.633
          ],
          [
            10.94575603,
            59.35920711,
            50.633
          ],
          [
            10.94576102,
            59.35922434,
            50.733
          ],
          [
            10.94576776,
            59.35924164,
            50.933
          ],
          [
            10.9457788,
            59.35926716,
            50.933
          ],
          [
            10.94581081,
            59.35933828,
            51.433
          ],
          [
            10.94584468,
            59.35940857,
            51.733
          ],
          [
            10.9458727,
            59.35946878,
            51.733
          ],
          [
            10.94588805,
            59.35950252,
            51.833
          ],
          [
            10.9459045,
            59.3595417,
            51.833
          ],
          [
            10.94592016,
            59.35957275,
            52.033
          ],
          [
            10.94592712,
            59.35958826,
            52.133
          ],
          [
            10.945945,
            59.35963017,
            52.133
          ],
          [
            10.94598647,
            59.35971058,
            52.433
          ],
          [
            10.94603361,
            59.35981724,
            52.633
          ],
          [
            10.94604422,
            59.35984635,
            52.633
          ],
          [
            10.94605229,
            59.35986728,
            52.733
          ],
          [
            10.94607454,
            59.35990213,
            52.833
          ],
          [
            10.94608644,
            59.35992049,
            52.833
          ],
          [
            10.94615381,
            59.36004936,
            53.033
          ],
          [
            10.94617378,
            59.36008864,
            53.033
          ],
          [
            10.94621784,
            59.36019161,
            53.233
          ],
          [
            10.94628432,
            59.36031326,
            53.433
          ],
          [
            10.94629919,
            59.3603362,
            53.433
          ],
          [
            10.94633083,
            59.36039563,
            53.533
          ],
          [
            10.94636143,
            59.36043434,
            53.533
          ],
          [
            10.94637316,
            59.36046887,
            53.533
          ]
        ]
      },
      "properties": {
        "vegsystemreferanse.vegsystem.vegkategori": "F",
        "vegsystemreferanse.vegsystem.fase": "V",
        "vegsystemreferanse.vegsystem.nummer": 279,
        "vegsystemreferanse.strekning.strekning": 1,
        "vegsystemreferanse.strekning.delstrekning": 1,
        "vegsystemreferanse.strekning.arm": false,
        "vegsystemreferanse.strekning.adskilte_løp": "Nei",
        "vegsystemreferanse.strekning.trafikantgruppe": "K",
        "vegsystemreferanse.strekning.retning": "MED",
        "vegsystemreferanse.strekning.fra_meter": 1649.003,
        "vegsystemreferanse.strekning.til_meter": 1969.143,
        "vegsystemreferanse.kortform": "FV279 S1D1 m1649-1969",
        "typeVeg": "Enkel bilveg",
        "lengde": 320.14
      }
    },
    {
      "type": "Feature",
      "geometry": {
        "type": "LineString",
        "coordinates": [
          [
            10.94637316,
            59.36046887,
            53.533
          ],
          [
            10.94640406,
            59.36053457,
            53.633
          ],
          [
            10.94647001,
            59.3606607,
            53.733
          ],
          [
            10.94649613,
            59.36070736,
            53.833
          ],
          [
            10.94657676,
            59.36082855,
            54.433
          ],
          [
            10.94660231,
            59.36086531,
            54.533
          ],
          [
            10.94662026,
            59.36089195,
            54.633
          ],
          [
            10.94663194,
            59.36091209,
            54.733
          ],
          [
            10.94665702,
            59.36093804,
            54.833
          ],
          [
            10.94671803,
            59.36102182,
            55.033
          ]
        ]
      },
      "properties": {
        "vegsystemreferanse.vegsystem.vegkategori": "F",
        "vegsystemreferanse.vegsystem.fase": "V",
        "vegsystemreferanse.vegsystem.nummer": 279,
        "vegsystemreferanse.strekning.strekning": 1,
        "vegsystemreferanse.strekning.delstrekning": 1,
        "vegsystemreferanse.strekning.arm": false,
        "vegsystemreferanse.strekning.adskilte_løp": "Nei",
        "vegsystemreferanse.strekning.trafikantgruppe": "K",
        "vegsystemreferanse.strekning.retning": "MED",
        "vegsystemreferanse.strekning.fra_meter": 1969.143,
        "vegsystemreferanse.strekning.til_meter": 2033.921,
        "vegsystemreferanse.kortform": "FV279 S1D1 m1969-2034",
        "typeVeg": "Enkel bilveg",
        "lengde": 64.778
      }
    },
    {
      "type": "Feature",
      "geometry": {
        "type": "LineString",
        "coordinates": [
          [
            10.94715381,
            59.36154152,
            57.133
          ],
          [
            10.94717628,
            59.36157458,
            57.133
          ],
          [
            10.94719907,
            59.36160496,
            57.133
          ],
          [
            10.94724056,
            59.3616557,
            57.233
          ],
          [
            10.94726356,
            59.36168429,
            57.233
          ],
          [
            10.94728184,
            59.36170824,
            57.233
          ],
          [
            10.94738209,
            59.36182734,
            57.633
          ],
          [
            10.94741742,
            59.3618707,
            57.733
          ],
          [
            10.94751481,
            59.36198432,
            57.933
          ],
          [
            10.94753595,
            59.36201375,
            57.933
          ],
          [
            10.94757974,
            59.36206006,
            57.933
          ],
          [
            10.94768164,
            59.36218012,
            58.233
          ],
          [
            10.94773015,
            59.36223108,
            58.233
          ],
          [
            10.94777728,
            59.36229368,
            58.333
          ],
          [
            10.94780655,
            59.36232876,
            58.333
          ],
          [
            10.94781866,
            59.36234532,
            58.333
          ],
          [
            10.94784783,
            59.36238129,
            58.193
          ]
        ]
      },
      "properties": {
        "vegsystemreferanse.vegsystem.vegkategori": "F",
        "vegsystemreferanse.vegsystem.fase": "V",
        "vegsystemreferanse.vegsystem.nummer": 279,
        "vegsystemreferanse.strekning.strekning": 1,
        "vegsystemreferanse.strekning.delstrekning": 1,
        "vegsystemreferanse.strekning.arm": false,
        "vegsystemreferanse.strekning.adskilte_løp": "Nei",
        "vegsystemreferanse.strekning.trafikantgruppe": "K",
        "vegsystemreferanse.strekning.retning": "MED",
        "vegsystemreferanse.strekning.fra_meter": 2096.997,
        "vegsystemreferanse.strekning.til_meter": 2198.572,
        "vegsystemreferanse.kortform": "FV279 S1D1 m2097-2199",
        "typeVeg": "Enkel bilveg",
        "lengde": 101.575
      }
    },
    {
      "type": "Feature",
      "geometry": {
        "type": "LineString",
        "coordinates": [
          [
            10.94853251,
            59.36316683,
            57.833
          ],
          [
            10.94856264,
            59.36319474,
            57.933
          ],
          [
            10.94859192,
            59.36322981,
            57.933
          ],
          [
            10.94860393,
            59.36324727,
            57.933
          ],
          [
            10.9486442,
            59.36329348,
            57.933
          ],
          [
            10.94865972,
            59.36331104,
            57.933
          ],
          [
            10.9487196,
            59.36338483,
            57.933
          ],
          [
            10.94874781,
            59.36342887,
            58.033
          ],
          [
            10.94878941,
            59.36347871,
            58.033
          ],
          [
            10.94881417,
            59.36350735,
            58.033
          ],
          [
            10.9488375,
            59.36353325,
            58.233
          ],
          [
            10.94886545,
            59.36356469,
            58.133
          ],
          [
            10.94891221,
            59.3636156,
            58.233
          ],
          [
            10.94900126,
            59.36372536,
            58.234
          ],
          [
            10.94904526,
            59.36376989,
            58.234
          ],
          [
            10.94906529,
            59.36379389,
            58.234
          ],
          [
            10.9491475,
            59.36388725,
            58.234
          ],
          [
            10.9491747,
            59.36392496,
            58.234
          ],
          [
            10.94924415,
            59.36400714,
            58.434
          ],
          [
            10.94926705,
            59.36403662,
            58.434
          ],
          [
            10.94930052,
            59.36408082,
            58.434
          ],
          [
            10.94932119,
            59.36409945,
            58.434
          ],
          [
            10.9493466,
            59.36412271,
            58.434
          ],
          [
            10.94937301,
            59.36415231,
            58.434
          ],
          [
            10.94939655,
            59.36417641,
            58.434
          ],
          [
            10.94941748,
            59.36420763,
            58.434
          ],
          [
            10.94952094,
            59.36432953,
            58.634
          ],
          [
            10.94960745,
            59.36443112,
            58.634
          ],
          [
            10.94966755,
            59.36450312,
            58.734
          ],
          [
            10.9497022,
            59.36453747,
            58.834
          ],
          [
            10.94973115,
            59.36457523,
            58.834
          ],
          [
            10.94976527,
            59.36461405,
            58.834
          ],
          [
            10.94979046,
            59.36463911,
            58.834
          ],
          [
            10.94980996,
            59.36466759,
            58.834
          ],
          [
            10.9498412,
            59.36470093,
            58.834
          ],
          [
            10.94985034,
            59.3647129,
            58.834
          ],
          [
            10.94990327,
            59.36477119,
            59.034
          ],
          [
            10.94992463,
            59.36479883,
            59.134
          ],
          [
            10.9499665,
            59.36486127,
            59.334
          ],
          [
            10.95001656,
            59.36491407,
            59.434
          ],
          [
            10.9500443,
            59.3649473,
            59.434
          ],
          [
            10.95006258,
            59.36497125,
            59.534
          ],
          [
            10.95009579,
            59.36500285,
            59.634
          ],
          [
            10.9501264,
            59.36504156,
            59.634
          ],
          [
            10.95014489,
            59.36506372,
            59.634
          ],
          [
            10.9501636,
            59.36508408,
            59.834
          ],
          [
            10.95027339,
            59.36519718,
            60.034
          ],
          [
            10.95029364,
            59.36521939,
            60.034
          ],
          [
            10.95034402,
            59.36526951,
            60.134
          ],
          [
            10.95040965,
            59.36535427,
            60.334
          ],
          [
            10.95047247,
            59.36541826,
            60.334
          ],
          [
            10.9505779,
            59.36553842,
            60.334
          ],
          [
            10.95061653,
            59.36558368,
            60.434
          ],
          [
            10.95069444,
            59.36566881,
            60.634
          ],
          [
            10.95071953,
            59.36569477,
            60.734
          ],
          [
            10.95079271,
            59.36577527,
            61.034
          ],
          [
            10.95088434,
            59.36586353,
            60.934
          ],
          [
            10.9509302,
            59.36590721,
            61.034
          ],
          [
            10.95105835,
            59.36602898,
            61.134
          ],
          [
            10.95109518,
            59.36605979,
            61.134
          ],
          [
            10.95115227,
            59.36611282,
            61.234
          ],
          [
            10.95122658,
            59.36616907,
            61.234
          ],
          [
            10.9512733,
            59.36620559,
            61.334
          ],
          [
            10.95131125,
            59.36624183,
            61.334
          ],
          [
            10.95134501,
            59.36626896,
            61.334
          ],
          [
            10.95137876,
            59.36629608,
            61.334
          ],
          [
            10.95140932,
            59.36632041,
            61.334
          ],
          [
            10.95144945,
            59.36635312,
            61.234
          ],
          [
            10.95149729,
            59.36639507,
            61.234
          ],
          [
            10.95155125,
            59.36643001,
            61.234
          ],
          [
            10.95166,
            59.3665224,
            61.234
          ],
          [
            10.95176961,
            59.36660763,
            61.234
          ],
          [
            10.95179337,
            59.36662994,
            61.234
          ],
          [
            10.95183526,
            59.36666271,
            61.234
          ],
          [
            10.95188145,
            59.36670371,
            61.134
          ],
          [
            10.95202195,
            59.36681057,
            61.034
          ],
          [
            10.9520667,
            59.36684883,
            61.034
          ],
          [
            10.95219699,
            59.36695268,
            60.934
          ],
          [
            10.95231069,
            59.36704792,
            60.934
          ],
          [
            10.95246352,
            59.36716955,
            60.634
          ],
          [
            10.95258196,
            59.36726943,
            60.534
          ],
          [
            10.95263123,
            59.36731412,
            60.534
          ]
        ]
      },
      "properties": {
        "vegsystemreferanse.vegsystem.vegkategori": "F",
        "vegsystemreferanse.vegsystem.fase": "V",
        "vegsystemreferanse.vegsystem.nummer": 279,
        "vegsystemreferanse.strekning.strekning": 1,
        "vegsystemreferanse.strekning.delstrekning": 1,
        "vegsystemreferanse.strekning.arm": false,
        "vegsystemreferanse.strekning.adskilte_løp": "Nei",
        "vegsystemreferanse.strekning.trafikantgruppe": "K",
        "vegsystemreferanse.strekning.retning": "MED",
        "vegsystemreferanse.strekning.fra_meter": 2294.369,
        "vegsystemreferanse.strekning.til_meter": 2813.289,
        "vegsystemreferanse.kortform": "FV279 S1D1 m2294-2813",
        "typeVeg": "Enkel bilveg",
        "lengde": 518.92
      }
    },
    {
      "type": "Feature",
      "geometry": {
        "type": "LineString",
        "coordinates": [
          [
            10.95263123,
            59.36731412,
            60.534
          ],
          [
            10.95267498,
            59.36734605,
            60.534
          ],
          [
            10.95275647,
            59.36741601,
            60.534
          ],
          [
            10.95278672,
            59.36744303,
            60.534
          ],
          [
            10.95283015,
            59.36747764,
            60.534
          ],
          [
            10.95285588,
            59.36749822,
            60.534
          ],
          [
            10.95287953,
            59.36752144,
            60.534
          ],
          [
            10.95290239,
            59.36753653,
            60.534
          ],
          [
            10.95293583,
            59.36756634,
            60.534
          ],
          [
            10.95297936,
            59.36760006,
            60.634
          ],
          [
            10.95312316,
            59.36770882,
            60.634
          ],
          [
            10.95323214,
            59.36779942,
            60.734
          ],
          [
            10.95329392,
            59.3678427,
            60.834
          ],
          [
            10.95334644,
            59.3678749,
            60.834
          ],
          [
            10.95340428,
            59.36792165,
            60.834
          ],
          [
            10.95345537,
            59.36795111,
            60.834
          ],
          [
            10.9535264,
            59.36800547,
            60.834
          ],
          [
            10.95356212,
            59.36803085,
            60.834
          ],
          [
            10.95361146,
            59.36806026,
            60.834
          ],
          [
            10.95369678,
            59.36812764,
            60.834
          ],
          [
            10.9537894,
            59.36817817,
            60.934
          ],
          [
            10.95382875,
            59.36820277,
            60.934
          ],
          [
            10.95390844,
            59.36825829,
            60.934
          ],
          [
            10.9539724,
            59.36829804,
            61.134
          ],
          [
            10.95400515,
            59.36831884,
            61.034
          ],
          [
            10.95415317,
            59.36840705,
            61.334
          ],
          [
            10.95421447,
            59.36843953,
            61.334
          ],
          [
            10.95427226,
            59.36847189,
            61.334
          ],
          [
            10.95429459,
            59.36849147,
            61.434
          ],
          [
            10.95440779,
            59.36856151,
            61.534
          ],
          [
            10.95449934,
            59.368621,
            61.534
          ],
          [
            10.95453044,
            59.36864085,
            61.534
          ],
          [
            10.95461397,
            59.36869379,
            61.534
          ],
          [
            10.95465374,
            59.36871481,
            61.534
          ],
          [
            10.95468244,
            59.36873997,
            61.534
          ],
          [
            10.95479596,
            59.36880733,
            61.634
          ],
          [
            10.95492761,
            59.36888515,
            61.734
          ],
          [
            10.95504511,
            59.36896342,
            61.834
          ],
          [
            10.95511688,
            59.36901151,
            61.834
          ],
          [
            10.95514304,
            59.3690285,
            61.934
          ],
          [
            10.95520844,
            59.36907099,
            61.834
          ],
          [
            10.95524954,
            59.36909564,
            61.934
          ],
          [
            10.95532791,
            59.36914753,
            62.034
          ],
          [
            10.95539671,
            59.36919102,
            62.134
          ],
          [
            10.95547247,
            59.36925002,
            62.234
          ],
          [
            10.9555016,
            59.3692716,
            62.234
          ],
          [
            10.95555238,
            59.36930375,
            62.334
          ],
          [
            10.9555914,
            59.36933103,
            62.434
          ],
          [
            10.95566605,
            59.3693846,
            62.434
          ],
          [
            10.95572135,
            59.36942318,
            62.534
          ],
          [
            10.95575292,
            59.36945383,
            62.634
          ],
          [
            10.95581901,
            59.36950533,
            63.034
          ],
          [
            10.9558532,
            59.36952887,
            63.034
          ],
          [
            10.95590732,
            59.3695773,
            63.134
          ],
          [
            10.95597681,
            59.36962981,
            63.334
          ]
        ]
      },
      "properties": {
        "vegsystemreferanse.vegsystem.vegkategori": "F",
        "vegsystemreferanse.vegsystem.fase": "V",
        "vegsystemreferanse.vegsystem.nummer": 279,
        "vegsystemreferanse.strekning.strekning": 1,
        "vegsystemreferanse.strekning.delstrekning": 1,
        "vegsystemreferanse.strekning.arm": false,
        "vegsystemreferanse.strekning.adskilte_løp": "Nei",
        "vegsystemreferanse.strekning.trafikantgruppe": "K",
        "vegsystemreferanse.strekning.retning": "MED",
        "vegsystemreferanse.strekning.fra_meter": 2813.289,
        "vegsystemreferanse.strekning.til_meter": 3134.56,
        "vegsystemreferanse.kortform": "FV279 S1D1 m2813-3135",
        "typeVeg": "Enkel bilveg",
        "lengde": 321.27
      }
    },
    {
      "type": "Feature",
      "geometry": {
        "type": "LineString",
        "coordinates": [
          [
            10.95597681,
            59.36962981,
            63.334
          ],
          [
            10.95603178,
            59.36967108,
            63.334
          ],
          [
            10.95607819,
            59.36971028,
            63.434
          ],
          [
            10.95619622,
            59.36981374,
            63.634
          ],
          [
            10.9562312,
            59.3698454,
            63.634
          ],
          [
            10.95625529,
            59.36986503,
            63.734
          ],
          [
            10.95629984,
            59.36990507,
            63.834
          ],
          [
            10.95636242,
            59.36995647,
            63.934
          ],
          [
            10.95638804,
            59.36997794,
            63.934
          ],
          [
            10.95651697,
            59.37009343,
            64.134
          ],
          [
            10.95664754,
            59.37020987,
            64.134
          ],
          [
            10.95667328,
            59.37023045,
            64.134
          ],
          [
            10.95672378,
            59.37027967,
            64.134
          ],
          [
            10.95675525,
            59.37031121,
            64.134
          ],
          [
            10.95678747,
            59.37033649,
            64.034
          ],
          [
            10.95680507,
            59.37035142,
            64.034
          ],
          [
            10.95681278,
            59.37036065,
            64.034
          ],
          [
            10.95684984,
            59.37038967,
            64.134
          ],
          [
            10.95688041,
            59.370414,
            64.134
          ],
          [
            10.95694708,
            59.37047541,
            64.234
          ],
          [
            10.95700349,
            59.37051942,
            64.334
          ],
          [
            10.95702199,
            59.37054157,
            64.334
          ],
          [
            10.95705193,
            59.37057127,
            64.434
          ],
          [
            10.95714624,
            59.3706668,
            64.634
          ],
          [
            10.95721015,
            59.37072183,
            64.634
          ],
          [
            10.95722865,
            59.37074399,
            64.634
          ],
          [
            10.95730191,
            59.3708092,
            64.934
          ],
          [
            10.95733163,
            59.37084069,
            64.934
          ],
          [
            10.95743733,
            59.37092938,
            65.334
          ],
          [
            10.95745812,
            59.37094711,
            65.434
          ],
          [
            10.95750629,
            59.37098637,
            65.634
          ],
          [
            10.95758673,
            59.37106529,
            65.734
          ],
          [
            10.95765537,
            59.37112496,
            66.034
          ],
          [
            10.95777431,
            59.37123564,
            66.234
          ],
          [
            10.95808115,
            59.37151399,
            66.734
          ],
          [
            10.95821668,
            59.37163328,
            66.834
          ],
          [
            10.95832324,
            59.37171481,
            67.034
          ],
          [
            10.9584468,
            59.37183103,
            67.434
          ],
          [
            10.95854294,
            59.37191133,
            67.434
          ],
          [
            10.95861711,
            59.37198376,
            67.534
          ],
          [
            10.95878072,
            59.37213359,
            67.634
          ],
          [
            10.95894497,
            59.37227805,
            67.734
          ],
          [
            10.95905631,
            59.3723786,
            67.634
          ],
          [
            10.95913421,
            59.37244935,
            67.635
          ],
          [
            10.95914808,
            59.37246597,
            67.635
          ],
          [
            10.95918451,
            59.37250036,
            67.635
          ],
          [
            10.95923598,
            59.37254152,
            67.535
          ],
          [
            10.95926799,
            59.37256859,
            67.535
          ],
          [
            10.95929702,
            59.37259106,
            67.535
          ],
          [
            10.95933621,
            59.37262294,
            67.7
          ]
        ]
      },
      "properties": {
        "vegsystemreferanse.vegsystem.vegkategori": "F",
        "vegsystemreferanse.vegsystem.fase": "V",
        "vegsystemreferanse.vegsystem.nummer": 279,
        "vegsystemreferanse.strekning.strekning": 1,
        "vegsystemreferanse.strekning.delstrekning": 1,
        "vegsystemreferanse.strekning.arm": false,
        "vegsystemreferanse.strekning.adskilte_løp": "Nei",
        "vegsystemreferanse.strekning.trafikantgruppe": "K",
        "vegsystemreferanse.strekning.retning": "MED",
        "vegsystemreferanse.strekning.fra_meter": 3134.56,
        "vegsystemreferanse.strekning.til_meter": 3519.217,
        "vegsystemreferanse.kortform": "FV279 S1D1 m3135-3519",
        "typeVeg": "Enkel bilveg",
        "lengde": 384.658
      }
    },
    {
      "type": "Feature",
      "geometry": {
        "type": "LineString",
        "coordinates": [
          [
            10.95933621,
            59.37262294,
            67.7
          ],
          [
            10.95941585,
            59.37269422,
            67.635
          ],
          [
            10.95950292,
            59.37277282,
            67.635
          ],
          [
            10.95958384,
            59.37284541,
            67.635
          ],
          [
            10.95961245,
            59.37287147,
            67.635
          ],
          [
            10.95964361,
            59.37290571,
            67.635
          ],
          [
            10.95967849,
            59.37293826,
            67.635
          ],
          [
            10.95974065,
            59.37299323,
            67.735
          ],
          [
            10.95981733,
            59.37305945,
            67.735
          ],
          [
            10.95985189,
            59.37309468,
            67.835
          ],
          [
            10.9599056,
            59.3731467,
            67.835
          ],
          [
            10.959945,
            59.37318568,
            67.935
          ],
          [
            10.96004874,
            59.37327611,
            68.035
          ],
          [
            10.96010341,
            59.37332006,
            68.035
          ],
          [
            10.96023082,
            59.3734337,
            68.135
          ],
          [
            10.96035791,
            59.37355003,
            68.235
          ],
          [
            10.96054562,
            59.37371949,
            68.435
          ],
          [
            10.960721,
            59.37387417,
            68.635
          ],
          [
            10.96088462,
            59.374024,
            68.835
          ],
          [
            10.96095955,
            59.37409016,
            68.835
          ],
          [
            10.96106452,
            59.37418512,
            69.135
          ],
          [
            10.96122991,
            59.374335,
            69.635
          ],
          [
            10.96131786,
            59.37442494,
            69.735
          ],
          [
            10.96138587,
            59.37448999,
            69.735
          ],
          [
            10.9614299,
            59.37453451,
            69.735
          ],
          [
            10.96153504,
            59.37464296,
            69.835
          ],
          [
            10.96166409,
            59.37478722,
            69.935
          ],
          [
            10.96179544,
            59.37492705,
            70.035
          ],
          [
            10.9618826,
            59.37500888,
            70.135
          ],
          [
            10.96196269,
            59.37510576,
            70.135
          ],
          [
            10.96207862,
            59.37522714,
            70.235
          ],
          [
            10.96218928,
            59.37534835,
            70.235
          ],
          [
            10.96221241,
            59.37537604,
            70.535
          ]
        ]
      },
      "properties": {
        "vegsystemreferanse.vegsystem.vegkategori": "F",
        "vegsystemreferanse.vegsystem.fase": "V",
        "vegsystemreferanse.vegsystem.nummer": 279,
        "vegsystemreferanse.strekning.strekning": 1,
        "vegsystemreferanse.strekning.delstrekning": 1,
        "vegsystemreferanse.strekning.arm": false,
        "vegsystemreferanse.strekning.adskilte_løp": "Nei",
        "vegsystemreferanse.strekning.trafikantgruppe": "K",
        "vegsystemreferanse.strekning.retning": "MED",
        "vegsystemreferanse.strekning.fra_meter": 3519.217,
        "vegsystemreferanse.strekning.til_meter": 3867.207,
        "vegsystemreferanse.kortform": "FV279 S1D1 m3519-3867",
        "typeVeg": "Enkel bilveg",
        "lengde": 347.99
      }
    },
    {
      "type": "Feature",
      "geometry": {
        "type": "LineString",
        "coordinates": [
          [
            10.96221241,
            59.37537604,
            70.535
          ],
          [
            10.96224713,
            59.37542477,
            70.835
          ],
          [
            10.96236339,
            59.37554345,
            70.835
          ],
          [
            10.96252755,
            59.37571847,
            70.735
          ],
          [
            10.96266773,
            59.37587296,
            70.735
          ],
          [
            10.96275889,
            59.3759657,
            70.735
          ]
        ]
      },
      "properties": {
        "vegsystemreferanse.vegsystem.vegkategori": "F",
        "vegsystemreferanse.vegsystem.fase": "V",
        "vegsystemreferanse.vegsystem.nummer": 279,
        "vegsystemreferanse.strekning.strekning": 1,
        "vegsystemreferanse.strekning.delstrekning": 1,
        "vegsystemreferanse.strekning.arm": false,
        "vegsystemreferanse.strekning.adskilte_løp": "Nei",
        "vegsystemreferanse.strekning.trafikantgruppe": "K",
        "vegsystemreferanse.strekning.retning": "MED",
        "vegsystemreferanse.strekning.fra_meter": 3867.207,
        "vegsystemreferanse.strekning.til_meter": 3939.9,
        "vegsystemreferanse.kortform": "FV279 S1D1 m3867-3940",
        "typeVeg": "Enkel bilveg",
        "lengde": 72.693
      }
    },
    {
      "type": "Feature",
      "geometry": {
        "type": "LineString",
        "coordinates": [
          [
            10.96275889,
            59.3759657,
            70.735
          ],
          [
            10.96285168,
            59.37608905,
            70.835
          ],
          [
            10.96289625,
            59.37612909,
            70.835
          ],
          [
            10.96298017,
            59.3762234,
            70.835
          ],
          [
            10.96300735,
            59.37624672,
            70.835
          ],
          [
            10.96306382,
            59.37630511,
            70.835
          ],
          [
            10.96311131,
            59.37636502,
            71.135
          ]
        ]
      },
      "properties": {
        "vegsystemreferanse.vegsystem.vegkategori": "F",
        "vegsystemreferanse.vegsystem.fase": "V",
        "vegsystemreferanse.vegsystem.nummer": 279,
        "vegsystemreferanse.strekning.strekning": 1,
        "vegsystemreferanse.strekning.delstrekning": 1,
        "vegsystemreferanse.strekning.arm": false,
        "vegsystemreferanse.strekning.adskilte_løp": "Nei",
        "vegsystemreferanse.strekning.trafikantgruppe": "K",
        "vegsystemreferanse.strekning.retning": "MED",
        "vegsystemreferanse.strekning.fra_meter": 3939.9,
        "vegsystemreferanse.strekning.til_meter": 3988.763,
        "vegsystemreferanse.kortform": "FV279 S1D1 m3940-3989",
        "typeVeg": "Enkel bilveg",
        "lengde": 48.863
      }
    },
    {
      "type": "Feature",
      "geometry": {
        "type": "LineString",
        "coordinates": [
          [
            10.96311131,
            59.37636502,
            71.135
          ],
          [
            10.96315051,
            59.3764058,
            71.135
          ],
          [
            10.96325591,
            59.37652684,
            71.335
          ],
          [
            10.96345631,
            59.37673805,
            72.035
          ],
          [
            10.96381088,
            59.37711946,
            73.535
          ],
          [
            10.96389828,
            59.37721864,
            74.08
          ]
        ]
      },
      "properties": {
        "vegsystemreferanse.vegsystem.vegkategori": "F",
        "vegsystemreferanse.vegsystem.fase": "V",
        "vegsystemreferanse.vegsystem.nummer": 279,
        "vegsystemreferanse.strekning.strekning": 1,
        "vegsystemreferanse.strekning.delstrekning": 1,
        "vegsystemreferanse.strekning.arm": false,
        "vegsystemreferanse.strekning.adskilte_løp": "Nei",
        "vegsystemreferanse.strekning.trafikantgruppe": "K",
        "vegsystemreferanse.strekning.retning": "MED",
        "vegsystemreferanse.strekning.fra_meter": 3988.763,
        "vegsystemreferanse.strekning.til_meter": 4093.935,
        "vegsystemreferanse.kortform": "FV279 S1D1 m3989-4094",
        "typeVeg": "Enkel bilveg",
        "lengde": 105.172
      }
    },
    {
      "type": "Feature",
      "geometry": {
        "type": "LineString",
        "coordinates": [
          [
            10.96389828,
            59.37721864,
            74.08
          ],
          [
            10.96396693,
            59.37728882,
            74.335
          ],
          [
            10.9640278,
            59.37735473,
            74.53
          ]
        ]
      },
      "properties": {
        "vegsystemreferanse.vegsystem.vegkategori": "F",
        "vegsystemreferanse.vegsystem.fase": "V",
        "vegsystemreferanse.vegsystem.nummer": 279,
        "vegsystemreferanse.strekning.strekning": 1,
        "vegsystemreferanse.strekning.delstrekning": 1,
        "vegsystemreferanse.strekning.arm": false,
        "vegsystemreferanse.strekning.adskilte_løp": "Nei",
        "vegsystemreferanse.strekning.trafikantgruppe": "K",
        "vegsystemreferanse.strekning.retning": "MED",
        "vegsystemreferanse.strekning.fra_meter": 4093.935,
        "vegsystemreferanse.strekning.til_meter": 4110.8,
        "vegsystemreferanse.kortform": "FV279 S1D1 m4094-4111",
        "typeVeg": "Enkel bilveg",
        "lengde": 16.865
      }
    },
    {
      "type": "Feature",
      "geometry": {
        "type": "LineString",
        "coordinates": [
          [
            10.9640278,
            59.37735473,
            74.53
          ],
          [
            10.96404363,
            59.37737346,
            74.735
          ],
          [
            10.9640743,
            59.37740813,
            74.935
          ],
          [
            10.96409303,
            59.37742849,
            75.035
          ],
          [
            10.96414313,
            59.37748129,
            75.435
          ],
          [
            10.96416184,
            59.37750367,
            75.435
          ],
          [
            10.96419115,
            59.37753673,
            75.535
          ],
          [
            10.96429832,
            59.37765783,
            75.935
          ],
          [
            10.96433246,
            59.37769665,
            76.035
          ],
          [
            10.96435725,
            59.37772529,
            76.035
          ],
          [
            10.96437267,
            59.37774375,
            76.135
          ],
          [
            10.96439788,
            59.3777688,
            76.235
          ],
          [
            10.96441144,
            59.3777881,
            76.335
          ],
          [
            10.96446628,
            59.37784555,
            76.435
          ],
          [
            10.96450229,
            59.37788352,
            76.535
          ],
          [
            10.9645643,
            59.37795467,
            76.635
          ],
          [
            10.96459339,
            59.37799154,
            76.735
          ],
          [
            10.96469801,
            59.37810447,
            77.135
          ],
          [
            10.96475008,
            59.37815553,
            77.335
          ],
          [
            10.96477067,
            59.37817505,
            77.335
          ],
          [
            10.96479391,
            59.37820184,
            77.435
          ],
          [
            10.96480614,
            59.37821751,
            77.435
          ],
          [
            10.96492241,
            59.37833619,
            77.535
          ],
          [
            10.96500225,
            59.37842048,
            77.635
          ],
          [
            10.96502794,
            59.37845634,
            77.735
          ],
          [
            10.96505394,
            59.37848951,
            77.735
          ],
          [
            10.96510979,
            59.37855328,
            77.735
          ],
          [
            10.96515112,
            59.37860581,
            77.835
          ],
          [
            10.96517425,
            59.3786335,
            77.835
          ],
          [
            10.96528122,
            59.37875639,
            78.135
          ],
          [
            10.96538781,
            59.37886758,
            78.335
          ],
          [
            10.96553307,
            59.37902402,
            78.935
          ],
          [
            10.96563652,
            59.37914681,
            79.535
          ],
          [
            10.96569657,
            59.37921969,
            79.835
          ],
          [
            10.96579104,
            59.379344,
            80.335
          ],
          [
            10.96581396,
            59.37937348,
            80.335
          ],
          [
            10.96583502,
            59.3794038,
            80.435
          ],
          [
            10.96585071,
            59.37943485,
            80.635
          ],
          [
            10.96586098,
            59.37945225,
            80.735
          ],
          [
            10.96587932,
            59.37949058,
            80.735
          ],
          [
            10.96589555,
            59.37951716,
            80.835
          ],
          [
            10.96592719,
            59.37959186,
            81.035
          ],
          [
            10.96595474,
            59.37965655,
            81.235
          ],
          [
            10.96599983,
            59.37975145,
            81.435
          ],
          [
            10.96601978,
            59.37980602,
            81.535
          ],
          [
            10.96607365,
            59.37993086,
            81.735
          ],
          [
            10.96608067,
            59.37996075,
            81.735
          ],
          [
            10.96609668,
            59.37998911,
            81.835
          ],
          [
            10.96615385,
            59.38011586,
            81.835
          ],
          [
            10.96621645,
            59.38022658,
            81.935
          ],
          [
            10.96623762,
            59.38025601,
            81.935
          ],
          [
            10.96631932,
            59.38036913,
            81.935
          ],
          [
            10.96635304,
            59.38041153,
            81.835
          ],
          [
            10.96641475,
            59.38048537,
            81.435
          ],
          [
            10.96643889,
            59.38051938,
            81.135
          ],
          [
            10.96645458,
            59.38055044,
            81.235
          ],
          [
            10.96648964,
            59.38059648,
            81.235
          ],
          [
            10.96658421,
            59.38071988,
            81.535
          ],
          [
            10.96673214,
            59.38091327,
            81.535
          ],
          [
            10.96675906,
            59.38095366,
            81.335
          ],
          [
            10.96679358,
            59.38100418,
            81.235
          ],
          [
            10.96682225,
            59.38104463,
            81.235
          ],
          [
            10.96687816,
            59.38112278,
            81.235
          ],
          [
            10.96695268,
            59.38122219,
            81.235
          ],
          [
            10.96700204,
            59.38128126,
            81.035
          ],
          [
            10.96708114,
            59.38140149,
            80.935
          ],
          [
            10.96721051,
            59.38155834,
            80.835
          ],
          [
            10.96725999,
            59.38161651,
            80.935
          ],
          [
            10.96733281,
            59.38173025,
            80.835
          ],
          [
            10.96735153,
            59.38175061,
            80.935
          ],
          [
            10.96737675,
            59.38177567,
            80.835
          ],
          [
            10.9674151,
            59.38182361,
            80.835
          ],
          [
            10.96743649,
            59.38185124,
            80.835
          ],
          [
            10.96747309,
            59.38189913,
            80.835
          ],
          [
            10.96749532,
            59.38191959,
            80.935
          ],
          [
            10.96753102,
            59.38196026,
            80.935
          ],
          [
            10.96763273,
            59.38208298,
            80.935
          ],
          [
            10.96765673,
            59.38210351,
            80.935
          ],
          [
            10.96768019,
            59.38212851,
            80.935
          ],
          [
            10.96771578,
            59.38217007,
            80.835
          ],
          [
            10.9677486,
            59.38220525,
            80.835
          ],
          [
            10.96778164,
            59.38223864,
            80.735
          ],
          [
            10.96788399,
            59.38235599,
            80.235
          ],
          [
            10.96795028,
            59.38242098,
            80.235
          ],
          [
            10.96797155,
            59.38244951,
            80.235
          ],
          [
            10.96799645,
            59.38247725,
            80.135
          ],
          [
            10.96810668,
            59.38258765,
            80.135
          ],
          [
            10.9681776,
            59.38265818,
            79.935
          ]
        ]
      },
      "properties": {
        "vegsystemreferanse.vegsystem.vegkategori": "F",
        "vegsystemreferanse.vegsystem.fase": "V",
        "vegsystemreferanse.vegsystem.nummer": 279,
        "vegsystemreferanse.strekning.strekning": 1,
        "vegsystemreferanse.strekning.delstrekning": 1,
        "vegsystemreferanse.strekning.arm": false,
        "vegsystemreferanse.strekning.adskilte_løp": "Nei",
        "vegsystemreferanse.strekning.trafikantgruppe": "K",
        "vegsystemreferanse.strekning.retning": "MED",
        "vegsystemreferanse.strekning.fra_meter": 4110.8,
        "vegsystemreferanse.strekning.til_meter": 4749.187,
        "vegsystemreferanse.kortform": "FV279 S1D1 m4111-4749",
        "typeVeg": "Enkel bilveg",
        "lengde": 638.387
      }
    },
    {
      "type": "Feature",
      "geometry": {
        "type": "LineString",
        "coordinates": [
          [
            10.94044034,
            59.35167939,
            46.631
          ],
          [
            10.94048497,
            59.3517287,
            46.531
          ],
          [
            10.94052422,
            59.35176859,
            46.531
          ],
          [
            10.94054567,
            59.35179533,
            46.531
          ],
          [
            10.94063953,
            59.35187918,
            46.431
          ],
          [
            10.940657,
            59.35189501,
            46.431
          ],
          [
            10.94069901,
            59.35194127,
            46.431
          ],
          [
            10.94075276,
            59.3519924,
            46.431
          ],
          [
            10.94078256,
            59.352023,
            46.331
          ],
          [
            10.94085754,
            59.35210266,
            46.231
          ],
          [
            10.94094592,
            59.35218813,
            46.231
          ],
          [
            10.94096849,
            59.3522203,
            46.231
          ],
          [
            10.94102371,
            59.35228856,
            46.231
          ],
          [
            10.94105742,
            59.35234535,
            46.231
          ],
          [
            10.94109632,
            59.35241759,
            46.231
          ],
          [
            10.94111867,
            59.35245156,
            46.231
          ],
          [
            10.94112534,
            59.35248413,
            46.231
          ],
          [
            10.94119158,
            59.35260758,
            46.431
          ],
          [
            10.94122755,
            59.35268962,
            46.431
          ],
          [
            10.94124464,
            59.35272342,
            46.431
          ],
          [
            10.94132809,
            59.35285009,
            46.431
          ],
          [
            10.94136774,
            59.35291607,
            46.432
          ],
          [
            10.94142376,
            59.35299244,
            46.432
          ],
          [
            10.94143942,
            59.35302349,
            46.432
          ],
          [
            10.94146177,
            59.35305746,
            46.432
          ],
          [
            10.94148311,
            59.3530851,
            46.432
          ],
          [
            10.94150776,
            59.35311464,
            46.532
          ],
          [
            10.94152867,
            59.35314586,
            46.532
          ],
          [
            10.94157179,
            59.35319755,
            46.532
          ],
          [
            10.94166623,
            59.3532913,
            46.632
          ],
          [
            10.94168131,
            59.35331245,
            46.632
          ],
          [
            10.94171132,
            59.35334126,
            46.632
          ],
          [
            10.94177017,
            59.35340873,
            46.732
          ],
          [
            10.94181346,
            59.35344424,
            46.832
          ],
          [
            10.94192946,
            59.35356384,
            46.932
          ],
          [
            10.94194662,
            59.35358236,
            46.932
          ],
          [
            10.94197201,
            59.35360563,
            46.932
          ],
          [
            10.94199894,
            59.35363074,
            46.932
          ],
          [
            10.94205695,
            59.35367571,
            46.932
          ],
          [
            10.94209674,
            59.35371111,
            47.032
          ],
          [
            10.94214455,
            59.35375306,
            47.132
          ],
          [
            10.9421574,
            59.35376335,
            47.132
          ],
          [
            10.94218301,
            59.35378483,
            47.132
          ],
          [
            10.94222365,
            59.35381307,
            47.132
          ],
          [
            10.94225771,
            59.35383751,
            47.232
          ],
          [
            10.94229835,
            59.35386575,
            47.232
          ],
          [
            10.94233405,
            59.35389114,
            47.232
          ],
          [
            10.94242129,
            59.35395679,
            47.332
          ],
          [
            10.94251991,
            59.35401561,
            47.432
          ],
          [
            10.94256295,
            59.35403853,
            47.432
          ],
          [
            10.94258898,
            59.35405642,
            47.532
          ],
          [
            10.94262479,
            59.35408092,
            47.532
          ],
          [
            10.94270364,
            59.35412833,
            47.632
          ],
          [
            10.94284785,
            59.35421824,
            47.932
          ],
          [
            10.94288563,
            59.35424099,
            47.932
          ],
          [
            10.94291628,
            59.35426442,
            48.032
          ],
          [
            10.94294471,
            59.354277,
            48.132
          ],
          [
            10.9430284,
            59.35432816,
            48.432
          ],
          [
            10.94312616,
            59.35439414,
            48.532
          ],
          [
            10.94315943,
            59.35441046,
            48.532
          ],
          [
            10.94318557,
            59.35442746,
            48.632
          ],
          [
            10.94324014,
            59.35445703,
            48.732
          ],
          [
            10.94326496,
            59.35447039,
            48.832
          ],
          [
            10.94330109,
            59.3544922,
            48.832
          ],
          [
            10.94345007,
            59.35460114,
            49.032
          ],
          [
            10.94347413,
            59.35462077,
            49.032
          ],
          [
            10.9434978,
            59.35463931,
            49.0
          ]
        ]
      },
      "properties": {
        "vegsystemreferanse.vegsystem.vegkategori": "F",
        "vegsystemreferanse.vegsystem.fase": "V",
        "vegsystemreferanse.vegsystem.nummer": 279,
        "vegsystemreferanse.strekning.strekning": 1,
        "vegsystemreferanse.strekning.delstrekning": 1,
        "vegsystemreferanse.strekning.arm": false,
        "vegsystemreferanse.strekning.adskilte_løp": "Nei",
        "vegsystemreferanse.strekning.trafikantgruppe": "K",
        "vegsystemreferanse.strekning.retning": "MED",
        "vegsystemreferanse.strekning.fra_meter": 921.392,
        "vegsystemreferanse.strekning.til_meter": 1298.788,
        "vegsystemreferanse.kortform": "FV279 S1D1 m921-1299",
        "typeVeg": "Enkel bilveg",
        "lengde": 377.397
      }
    },
    {
      "type": "Feature",
      "geometry": {
        "type": "LineString",
        "coordinates": [
          [
            10.93470385,
            59.3469566,
            49.029
          ],
          [
            10.93481455,
            59.34707604,
            48.929
          ],
          [
            10.93485543,
            59.34711688,
            48.829
          ],
          [
            10.93500084,
            59.34722571,
            48.629
          ],
          [
            10.93503818,
            59.34725205,
            48.629
          ],
          [
            10.93515237,
            59.34732755,
            48.629
          ],
          [
            10.93526316,
            59.34740204,
            48.53
          ],
          [
            10.93533927,
            59.34745746,
            48.73
          ],
          [
            10.93547788,
            59.34756429,
            48.43
          ],
          [
            10.93549976,
            59.34758745,
            48.33
          ],
          [
            10.93555218,
            59.34763335,
            48.196
          ]
        ]
      },
      "properties": {
        "vegsystemreferanse.vegsystem.vegkategori": "F",
        "vegsystemreferanse.vegsystem.fase": "V",
        "vegsystemreferanse.vegsystem.nummer": 279,
        "vegsystemreferanse.strekning.strekning": 1,
        "vegsystemreferanse.strekning.delstrekning": 1,
        "vegsystemreferanse.strekning.arm": false,
        "vegsystemreferanse.strekning.adskilte_løp": "Nei",
        "vegsystemreferanse.strekning.trafikantgruppe": "K",
        "vegsystemreferanse.strekning.retning": "MED",
        "vegsystemreferanse.strekning.fra_meter": 290.335,
        "vegsystemreferanse.strekning.til_meter": 380.152,
        "vegsystemreferanse.kortform": "FV279 S1D1 m290-380",
        "typeVeg": "Enkel bilveg",
        "lengde": 89.818
      }
    },
    {
      "type": "Feature",
      "geometry": {
        "type": "LineString",
        "coordinates": [
          [
            10.93656531,
            59.34909883,
            47.13
          ],
          [
            10.93664732,
            59.34918023,
            46.63
          ]
        ]
      },
      "properties": {
        "vegsystemreferanse.vegsystem.vegkategori": "F",
        "vegsystemreferanse.vegsystem.fase": "V",
        "vegsystemreferanse.vegsystem.nummer": 279,
        "vegsystemreferanse.strekning.strekning": 1,
        "vegsystemreferanse.strekning.delstrekning": 1,
        "vegsystemreferanse.strekning.arm": false,
        "vegsystemreferanse.strekning.adskilte_løp": "Nei",
        "vegsystemreferanse.strekning.trafikantgruppe": "K",
        "vegsystemreferanse.strekning.retning": "MED",
        "vegsystemreferanse.strekning.fra_meter": 553.781,
        "vegsystemreferanse.strekning.til_meter": 563.995,
        "vegsystemreferanse.kortform": "FV279 S1D1 m554-564",
        "typeVeg": "Enkel bilveg",
        "lengde": 10.214
      }
    },
    {
      "type": "Feature",
      "geometry": {
        "type": "LineString",
        "coordinates": [
          [
            10.94784783,
            59.36238129,
            58.193
          ],
          [
            10.94802211,
            59.36257373,
            58.233
          ],
          [
            10.94804379,
            59.36259868,
            58.233
          ],
          [
            10.94809102,
            59.36266039,
            58.233
          ],
          [
            10.9481916,
            59.3627768,
            58.233
          ],
          [
            10.94824825,
            59.36283341,
            58.233
          ],
          [
            10.94828326,
            59.36287945,
            58.033
          ],
          [
            10.9483933,
            59.36300515,
            57.933
          ],
          [
            10.94853251,
            59.36316683,
            57.833
          ]
        ]
      },
      "properties": {
        "vegsystemreferanse.vegsystem.vegkategori": "F",
        "vegsystemreferanse.vegsystem.fase": "V",
        "vegsystemreferanse.vegsystem.nummer": 279,
        "vegsystemreferanse.strekning.strekning": 1,
        "vegsystemreferanse.strekning.delstrekning": 1,
        "vegsystemreferanse.strekning.arm": false,
        "vegsystemreferanse.strekning.adskilte_løp": "Nei",
        "vegsystemreferanse.strekning.trafikantgruppe": "K",
        "vegsystemreferanse.strekning.retning": "MED",
        "vegsystemreferanse.strekning.fra_meter": 2198.572,
        "vegsystemreferanse.strekning.til_meter": 2294.369,
        "vegsystemreferanse.kortform": "FV279 S1D1 m2199-2294",
        "typeVeg": "Enkel bilveg",
        "lengde": 95.797
      }
    },
    {
      "type": "Feature",
      "geometry": {
        "type": "LineString",
        "coordinates": [
          [
            10.9365117,
            59.34904318,
            47.523
          ],
          [
            10.93656531,
            59.34909883,
            47.13
          ]
        ]
      },
      "properties": {
        "vegsystemreferanse.vegsystem.vegkategori": "F",
        "vegsystemreferanse.vegsystem.fase": "V",
        "vegsystemreferanse.vegsystem.nummer": 279,
        "vegsystemreferanse.strekning.strekning": 1,
        "vegsystemreferanse.strekning.delstrekning": 1,
        "vegsystemreferanse.strekning.arm": false,
        "vegsystemreferanse.strekning.adskilte_løp": "Nei",
        "vegsystemreferanse.strekning.trafikantgruppe": "K",
        "vegsystemreferanse.strekning.retning": "MED",
        "vegsystemreferanse.strekning.fra_meter": 546.858,
        "vegsystemreferanse.strekning.til_meter": 553.781,
        "vegsystemreferanse.kortform": "FV279 S1D1 m547-554",
        "typeVeg": "Enkel bilveg",
        "lengde": 6.923
      }
    },
    {
      "type": "Feature",
      "geometry": {
        "type": "LineString",
        "coordinates": [
          [
            10.93555218,
            59.34763335,
            48.196
          ],
          [
            10.93558063,
            59.3476619,
            48.13
          ],
          [
            10.93560823,
            59.34769603,
            48.13
          ],
          [
            10.9356353,
            59.34773464,
            48.13
          ],
          [
            10.93565696,
            59.34775959,
            48.13
          ],
          [
            10.93567522,
            59.34778353,
            48.23
          ],
          [
            10.9357662,
            59.34790595,
            48.13
          ],
          [
            10.93579022,
            59.34795526,
            48.23
          ],
          [
            10.93586413,
            59.34808793,
            48.23
          ],
          [
            10.93588078,
            59.34812532,
            48.23
          ],
          [
            10.93590184,
            59.34817003,
            48.23
          ],
          [
            10.93592232,
            59.34820484,
            48.23
          ],
          [
            10.93597747,
            59.34833243,
            48.33
          ],
          [
            10.9360567,
            59.34844999,
            48.33
          ],
          [
            10.93609577,
            59.34850605,
            48.33
          ],
          [
            10.93613966,
            59.34856587,
            48.33
          ],
          [
            10.93616312,
            59.34860526,
            48.33
          ],
          [
            10.93620977,
            59.34867145,
            48.23
          ],
          [
            10.93630404,
            59.34879577,
            48.13
          ],
          [
            10.93639975,
            59.34892284,
            47.93
          ],
          [
            10.93642768,
            59.34895428,
            47.83
          ],
          [
            10.93646978,
            59.34899965,
            47.83
          ],
          [
            10.9365117,
            59.34904318,
            47.523
          ]
        ]
      },
      "properties": {
        "vegsystemreferanse.vegsystem.vegkategori": "F",
        "vegsystemreferanse.vegsystem.fase": "V",
        "vegsystemreferanse.vegsystem.nummer": 279,
        "vegsystemreferanse.strekning.strekning": 1,
        "vegsystemreferanse.strekning.delstrekning": 1,
        "vegsystemreferanse.strekning.arm": false,
        "vegsystemreferanse.strekning.adskilte_løp": "Nei",
        "vegsystemreferanse.strekning.trafikantgruppe": "K",
        "vegsystemreferanse.strekning.retning": "MED",
        "vegsystemreferanse.strekning.fra_meter": 380.152,
        "vegsystemreferanse.strekning.til_meter": 546.858,
        "vegsystemreferanse.kortform": "FV279 S1D1 m380-547",
        "typeVeg": "Enkel bilveg",
        "lengde": 166.706
      }
    },
    {
      "type": "Feature",
      "geometry": {
        "type": "LineString",
        "coordinates": [
          [
            10.94671803,
            59.36102182,
            55.033
          ],
          [
            10.94674653,
            59.36105861,
            55.233
          ],
          [
            10.94679003,
            59.361122,
            55.533
          ],
          [
            10.94681533,
            59.36114617,
            55.633
          ],
          [
            10.9469101,
            59.3612669,
            56.133
          ],
          [
            10.94695686,
            59.3613178,
            56.233
          ],
          [
            10.94706599,
            59.36143629,
            56.633
          ],
          [
            10.94715381,
            59.36154152,
            57.133
          ]
        ]
      },
      "properties": {
        "vegsystemreferanse.vegsystem.vegkategori": "F",
        "vegsystemreferanse.vegsystem.fase": "V",
        "vegsystemreferanse.vegsystem.nummer": 279,
        "vegsystemreferanse.strekning.strekning": 1,
        "vegsystemreferanse.strekning.delstrekning": 1,
        "vegsystemreferanse.strekning.arm": false,
        "vegsystemreferanse.strekning.adskilte_løp": "Nei",
        "vegsystemreferanse.strekning.trafikantgruppe": "K",
        "vegsystemreferanse.strekning.retning": "MED",
        "vegsystemreferanse.strekning.fra_meter": 2033.921,
        "vegsystemreferanse.strekning.til_meter": 2096.997,
        "vegsystemreferanse.kortform": "FV279 S1D1 m2034-2097",
        "typeVeg": "Enkel bilveg",
        "lengde": 63.076
      }
    },
    {
      "type": "Feature",
      "geometry": {
        "type": "LineString",
        "coordinates": [
          [
            11.0502075,
            59.22907575,
            19.818
          ],
          [
            11.05045409,
            59.22938533,
            18.918
          ],
          [
            11.05071927,
            59.22973144,
            18.918
          ],
          [
            11.05089368,
            59.22993723,
            19.018
          ],
          [
            11.05109306,
            59.23016985,
            19.718
          ],
          [
            11.05123952,
            59.23035951,
            19.118
          ],
          [
            11.0513417,
            59.23046458,
            17.53
          ]
        ]
      },
      "properties": {
        "vegsystemreferanse.vegsystem.vegkategori": "F",
        "vegsystemreferanse.vegsystem.fase": "V",
        "vegsystemreferanse.vegsystem.nummer": 107,
        "vegsystemreferanse.strekning.strekning": 3,
        "vegsystemreferanse.strekning.delstrekning": 1,
        "vegsystemreferanse.strekning.arm": false,
        "vegsystemreferanse.strekning.adskilte_løp": "Nei",
        "vegsystemreferanse.strekning.trafikantgruppe": "K",
        "vegsystemreferanse.strekning.retning": "MED",
        "vegsystemreferanse.strekning.fra_meter": 398.984,
        "vegsystemreferanse.strekning.til_meter": 566.914,
        "vegsystemreferanse.kortform": "FV107 S3D1 m399-567",
        "typeVeg": "Enkel bilveg",
        "lengde": 167.93
      }
    },
    {
      "type": "Feature",
      "geometry": {
        "type": "LineString",
        "coordinates": [
          [
            11.0513417,
            59.23046458,
            17.53
          ],
          [
            11.05170015,
            59.2307601,
            19.218
          ],
          [
            11.05206557,
            59.23104362,
            18.218
          ],
          [
            11.0524532,
            59.23133231,
            18.118
          ],
          [
            11.0526982,
            59.23151956,
            18.718
          ],
          [
            11.05293168,
            59.23169901,
            17.11
          ]
        ]
      },
      "properties": {
        "vegsystemreferanse.vegsystem.vegkategori": "F",
        "vegsystemreferanse.vegsystem.fase": "V",
        "vegsystemreferanse.vegsystem.nummer": 107,
        "vegsystemreferanse.strekning.strekning": 3,
        "vegsystemreferanse.strekning.delstrekning": 1,
        "vegsystemreferanse.strekning.arm": false,
        "vegsystemreferanse.strekning.adskilte_løp": "Nei",
        "vegsystemreferanse.strekning.trafikantgruppe": "K",
        "vegsystemreferanse.strekning.retning": "MED",
        "vegsystemreferanse.strekning.fra_meter": 566.914,
        "vegsystemreferanse.strekning.til_meter": 731.857,
        "vegsystemreferanse.kortform": "FV107 S3D1 m567-732",
        "typeVeg": "Enkel bilveg",
        "lengde": 164.942
      }
    },
    {
      "type": "Feature",
      "geometry": {
        "type": "LineString",
        "coordinates": [
          [
            11.05293168,
            59.23169901,
            17.11
          ],
          [
            11.05323958,
            59.23193519,
            18.919
          ],
          [
            11.05347779,
            59.23212044,
            18.719
          ],
          [
            11.05369988,
            59.23229351,
            17.599
          ]
        ]
      },
      "properties": {
        "vegsystemreferanse.vegsystem.vegkategori": "F",
        "vegsystemreferanse.vegsystem.fase": "V",
        "vegsystemreferanse.vegsystem.nummer": 107,
        "vegsystemreferanse.strekning.strekning": 3,
        "vegsystemreferanse.strekning.delstrekning": 1,
        "vegsystemreferanse.strekning.arm": false,
        "vegsystemreferanse.strekning.adskilte_løp": "Nei",
        "vegsystemreferanse.strekning.trafikantgruppe": "K",
        "vegsystemreferanse.strekning.retning": "MED",
        "vegsystemreferanse.strekning.fra_meter": 731.857,
        "vegsystemreferanse.strekning.til_meter": 811.384,
        "vegsystemreferanse.kortform": "FV107 S3D1 m732-811",
        "typeVeg": "Enkel bilveg",
        "lengde": 79.528
      }
    },
    {
      "type": "Feature",
      "geometry": {
        "type": "LineString",
        "coordinates": [
          [
            11.05369988,
            59.23229351,
            17.599
          ],
          [
            11.05432812,
            59.2327774,
            19.419
          ],
          [
            11.05485896,
            59.23317831,
            20.119
          ],
          [
            11.05526945,
            59.23349735,
            20.519
          ],
          [
            11.05572743,
            59.2338457,
            21.219
          ],
          [
            11.05614566,
            59.23415868,
            21.719
          ],
          [
            11.05654743,
            59.23447745,
            23.219
          ],
          [
            11.0568744,
            59.23471484,
            23.519
          ],
          [
            11.05721318,
            59.23497146,
            23.719
          ],
          [
            11.05759318,
            59.23526619,
            24.219
          ],
          [
            11.05789055,
            59.23550177,
            24.919
          ],
          [
            11.05822987,
            59.23575391,
            25.719
          ],
          [
            11.05862233,
            59.23604722,
            25.919
          ],
          [
            11.05899793,
            59.2363499,
            26.219
          ],
          [
            11.05933162,
            59.23659018,
            26.82
          ],
          [
            11.05970529,
            59.23687932,
            27.42
          ],
          [
            11.06007454,
            59.23716113,
            27.62
          ],
          [
            11.06040905,
            59.2374248,
            29.02
          ],
          [
            11.06079672,
            59.23771436,
            30.52
          ],
          [
            11.06112183,
            59.23790762,
            31.92
          ],
          [
            11.06151791,
            59.23809405,
            35.42
          ],
          [
            11.06191903,
            59.2382977,
            37.92
          ],
          [
            11.0622204,
            59.23846866,
            39.22
          ],
          [
            11.06253139,
            59.23870824,
            41.32
          ],
          [
            11.06292628,
            59.23902678,
            45.32
          ],
          [
            11.06321981,
            59.23925055,
            47.42
          ],
          [
            11.06367694,
            59.23957727,
            50.42
          ],
          [
            11.06405833,
            59.2398001,
            53.72
          ],
          [
            11.06453432,
            59.24008513,
            55.02
          ],
          [
            11.06474324,
            59.24025148,
            57.62
          ],
          [
            11.06526626,
            59.24072224,
            58.22
          ],
          [
            11.06555117,
            59.24096012,
            58.421
          ],
          [
            11.06580779,
            59.24121513,
            58.621
          ],
          [
            11.06622927,
            59.24153177,
            59.221
          ],
          [
            11.06654848,
            59.24171584,
            59.521
          ],
          [
            11.06692038,
            59.24186915,
            59.921
          ],
          [
            11.06722267,
            59.24195652,
            59.821
          ],
          [
            11.06790289,
            59.24208409,
            60.921
          ],
          [
            11.06863495,
            59.24221862,
            62.121
          ],
          [
            11.06929008,
            59.24233553,
            63.821
          ],
          [
            11.06993689,
            59.2424486,
            64.821
          ],
          [
            11.07057435,
            59.2425362,
            65.821
          ],
          [
            11.07101441,
            59.24260076,
            67.121
          ],
          [
            11.07135037,
            59.24263968,
            67.321
          ]
        ]
      },
      "properties": {
        "vegsystemreferanse.vegsystem.vegkategori": "F",
        "vegsystemreferanse.vegsystem.fase": "V",
        "vegsystemreferanse.vegsystem.nummer": 107,
        "vegsystemreferanse.strekning.strekning": 3,
        "vegsystemreferanse.strekning.delstrekning": 1,
        "vegsystemreferanse.strekning.arm": false,
        "vegsystemreferanse.strekning.adskilte_løp": "Nei",
        "vegsystemreferanse.strekning.trafikantgruppe": "K",
        "vegsystemreferanse.strekning.retning": "MED",
        "vegsystemreferanse.strekning.fra_meter": 811.384,
        "vegsystemreferanse.strekning.til_meter": 2391.501,
        "vegsystemreferanse.kortform": "FV107 S3D1 m811-2392",
        "typeVeg": "Enkel bilveg",
        "lengde": 1580.117
      }
    },
    {
      "type": "Feature",
      "geometry": {
        "type": "LineString",
        "coordinates": [
          [
            11.01590519,
            59.31623966,
            65.814
          ],
          [
            11.01022905,
            59.3161217,
            57.984
          ],
          [
            11.00313636,
            59.31597352,
            48.123
          ],
          [
            11.00081477,
            59.31592496,
            44.902
          ]
        ]
      },
      "properties": {
        "vegsystemreferanse.vegsystem.vegkategori": "E",
        "vegsystemreferanse.vegsystem.fase": "V",
        "vegsystemreferanse.vegsystem.nummer": 6,
        "vegsystemreferanse.strekning.strekning": 5,
        "vegsystemreferanse.strekning.delstrekning": 1,
        "vegsystemreferanse.strekning.arm": false,
        "vegsystemreferanse.strekning.adskilte_løp": "Nei",
        "vegsystemreferanse.strekning.trafikantgruppe": "K",
        "vegsystemreferanse.strekning.retning": "MED",
        "vegsystemreferanse.strekning.fra_meter": 3109.319,
        "vegsystemreferanse.strekning.til_meter": 3970.529,
        "vegsystemreferanse.kortform": "EV6 S5D1 m3109-3971",
        "typeVeg": "Kanalisert veg",
        "lengde": 860.534
      }
    },
    {
      "type": "Feature",
      "geometry": {
        "type": "LineString",
        "coordinates": [
          [
            11.00081477,
            59.31592496,
            44.902
          ],
          [
            11.00077208,
            59.31592407,
            44.843
          ],
          [
            11.00067708,
            59.31592582,
            44.693
          ],
          [
            11.00059789,
            59.31592771,
            44.573
          ],
          [
            11.00051834,
            59.31592967,
            44.443
          ],
          [
            11.00015883,
            59.31593732,
            43.833
          ],
          [
            11.00007508,
            59.31593915,
            43.693
          ],
          [
            10.99985917,
            59.31594456,
            43.323
          ],
          [
            10.99978826,
            59.31594633,
            43.223
          ],
          [
            10.99970246,
            59.31594909,
            43.063
          ],
          [
            10.99961561,
            59.31595181,
            42.913
          ],
          [
            10.99952857,
            59.31595462,
            42.763
          ],
          [
            10.9994422,
            59.31595772,
            42.613
          ],
          [
            10.99917863,
            59.31596769,
            42.093
          ],
          [
            10.99884174,
            59.31598034,
            41.453
          ],
          [
            10.99876099,
            59.31598353,
            41.273
          ],
          [
            10.99868022,
            59.31598689,
            41.133
          ],
          [
            10.99852396,
            59.31599359,
            40.812
          ],
          [
            10.99839702,
            59.31599921,
            40.522
          ],
          [
            10.9982605,
            59.31600554,
            40.242
          ],
          [
            10.99798851,
            59.31601821,
            39.712
          ],
          [
            10.99785214,
            59.3160248,
            39.422
          ],
          [
            10.99771129,
            59.31603198,
            39.182
          ],
          [
            10.99757098,
            59.31603917,
            38.932
          ],
          [
            10.99743045,
            59.31604663,
            38.662
          ],
          [
            10.9972894,
            59.31605415,
            38.382
          ],
          [
            10.99715321,
            59.3160621,
            38.122
          ],
          [
            10.99701753,
            59.31607025,
            37.872
          ],
          [
            10.99674603,
            59.31608626,
            37.372
          ],
          [
            10.99633441,
            59.31611072,
            36.582
          ],
          [
            10.99619379,
            59.31611898,
            36.252
          ],
          [
            10.99577214,
            59.3161435,
            35.252
          ],
          [
            10.99535082,
            59.3161682,
            34.372
          ],
          [
            10.99499697,
            59.31618905,
            33.492
          ],
          [
            10.99464135,
            59.31620993,
            32.802
          ],
          [
            10.9945218,
            59.31621695,
            32.582
          ],
          [
            10.994164,
            59.31623848,
            31.952
          ],
          [
            10.99402109,
            59.31624676,
            31.652
          ],
          [
            10.99359963,
            59.31627109,
            30.872
          ],
          [
            10.99346787,
            59.31627881,
            30.602
          ],
          [
            10.99320397,
            59.31629442,
            30.032
          ],
          [
            10.99285097,
            59.31631547,
            29.312
          ],
          [
            10.99249745,
            59.31633641,
            28.632
          ],
          [
            10.99214394,
            59.31635726,
            28.112
          ],
          [
            10.9917775,
            59.31637888,
            27.632
          ],
          [
            10.9913953,
            59.31640136,
            27.232
          ],
          [
            10.9912618,
            59.31640893,
            27.132
          ],
          [
            10.99108191,
            59.31641926,
            27.015
          ]
        ]
      },
      "properties": {
        "vegsystemreferanse.vegsystem.vegkategori": "E",
        "vegsystemreferanse.vegsystem.fase": "V",
        "vegsystemreferanse.vegsystem.nummer": 6,
        "vegsystemreferanse.strekning.strekning": 5,
        "vegsystemreferanse.strekning.delstrekning": 1,
        "vegsystemreferanse.strekning.arm": false,
        "vegsystemreferanse.strekning.adskilte_løp": "Nei",
        "vegsystemreferanse.strekning.trafikantgruppe": "K",
        "vegsystemreferanse.strekning.retning": "MED",
        "vegsystemreferanse.strekning.fra_meter": 3970.529,
        "vegsystemreferanse.strekning.til_meter": 4536.832,
        "vegsystemreferanse.kortform": "EV6 S5D1 m3971-4537",
        "typeVeg": "Kanalisert veg",
        "lengde": 557.601
      }
    },
    {
      "type": "Feature",
      "geometry": {
        "type": "LineString",
        "coordinates": [
          [
            11.015918,
            59.31634142,
            65.895
          ],
          [
            11.01574079,
            59.31633779,
            65.645
          ],
          [
            11.01556306,
            59.31633414,
            65.404
          ],
          [
            11.01538516,
            59.3163304,
            65.154
          ],
          [
            11.01520761,
            59.31632668,
            64.904
          ],
          [
            11.01502988,
            59.31632294,
            64.664
          ],
          [
            11.01485199,
            59.31631911,
            64.414
          ],
          [
            11.01467425,
            59.31631555,
            64.164
          ],
          [
            11.01449654,
            59.31631173,
            63.924
          ],
          [
            11.01431864,
            59.31630799,
            63.674
          ],
          [
            11.0141416,
            59.31630436,
            63.424
          ],
          [
            11.01396475,
            59.31630074,
            63.174
          ],
          [
            11.01378756,
            59.31629693,
            62.924
          ],
          [
            11.01361052,
            59.31629331,
            62.674
          ],
          [
            11.01343333,
            59.31628959,
            62.424
          ],
          [
            11.0132563,
            59.31628587,
            62.184
          ],
          [
            11.0130791,
            59.31628224,
            61.934
          ],
          [
            11.01290225,
            59.31627853,
            61.714
          ],
          [
            11.01272504,
            59.3162749,
            61.464
          ],
          [
            11.01254785,
            59.31627109,
            61.224
          ],
          [
            11.01237082,
            59.31626746,
            60.974
          ],
          [
            11.01219362,
            59.31626374,
            60.724
          ],
          [
            11.01201676,
            59.31626012,
            60.484
          ],
          [
            11.01183974,
            59.3162564,
            60.234
          ],
          [
            11.01166253,
            59.31625276,
            59.994
          ],
          [
            11.01148552,
            59.31624896,
            59.744
          ],
          [
            11.01130831,
            59.31624532,
            59.494
          ],
          [
            11.01113129,
            59.3162416,
            59.244
          ],
          [
            11.01095426,
            59.31623798,
            58.994
          ],
          [
            11.01077706,
            59.31623425,
            58.744
          ],
          [
            11.01060003,
            59.31623062,
            58.494
          ],
          [
            11.01042283,
            59.3162269,
            58.244
          ],
          [
            11.01024581,
            59.31622318,
            58.024
          ],
          [
            11.0100686,
            59.31621954,
            57.784
          ],
          [
            11.00989176,
            59.31621583,
            57.534
          ],
          [
            11.00971454,
            59.31621228,
            57.284
          ],
          [
            11.00953804,
            59.31620858,
            57.044
          ],
          [
            11.00936085,
            59.31620485,
            56.794
          ],
          [
            11.00918382,
            59.31620113,
            56.544
          ],
          [
            11.0090068,
            59.31619741,
            56.294
          ],
          [
            11.00882977,
            59.31619378,
            56.044
          ],
          [
            11.00865257,
            59.31619005,
            55.794
          ],
          [
            11.00847555,
            59.31618633,
            55.544
          ],
          [
            11.00829835,
            59.31618269,
            55.294
          ],
          [
            11.00812134,
            59.31617888,
            55.044
          ],
          [
            11.0079443,
            59.31617524,
            54.814
          ],
          [
            11.00776728,
            59.31617152,
            54.574
          ],
          [
            11.00759009,
            59.31616779,
            54.324
          ],
          [
            11.00741305,
            59.31616416,
            54.074
          ],
          [
            11.00723586,
            59.31616043,
            53.834
          ],
          [
            11.00705885,
            59.31615662,
            53.584
          ],
          [
            11.00688164,
            59.31615298,
            53.334
          ],
          [
            11.0067048,
            59.31614926,
            53.084
          ],
          [
            11.00652759,
            59.31614562,
            52.834
          ],
          [
            11.00635057,
            59.31614189,
            52.584
          ],
          [
            11.00617337,
            59.31613816,
            52.334
          ],
          [
            11.00599634,
            59.31613452,
            52.083
          ],
          [
            11.00581916,
            59.3161307,
            51.823
          ],
          [
            11.0056423,
            59.31612707,
            51.603
          ],
          [
            11.0054651,
            59.31612334,
            51.363
          ],
          [
            11.00528808,
            59.31611961,
            51.113
          ],
          [
            11.00511088,
            59.31611597,
            50.863
          ],
          [
            11.00493386,
            59.31611225,
            50.623
          ],
          [
            11.00475666,
            59.31610851,
            50.373
          ],
          [
            11.00457982,
            59.31610479,
            50.123
          ],
          [
            11.00440262,
            59.31610106,
            49.873
          ],
          [
            11.00422559,
            59.31609742,
            49.623
          ],
          [
            11.00404839,
            59.31609369,
            49.373
          ],
          [
            11.00387137,
            59.31608996,
            49.123
          ],
          [
            11.00369417,
            59.31608631,
            48.863
          ],
          [
            11.00351733,
            59.3160825,
            48.613
          ],
          [
            11.00334014,
            59.31607877,
            48.393
          ],
          [
            11.00316311,
            59.31607513,
            48.153
          ],
          [
            11.00298591,
            59.31607139,
            47.903
          ],
          [
            11.00280889,
            59.31606766,
            47.653
          ],
          [
            11.00263186,
            59.31606402,
            47.413
          ],
          [
            11.00245485,
            59.3160602,
            47.163
          ],
          [
            11.00227782,
            59.31605656,
            46.913
          ],
          [
            11.0021008,
            59.31605283,
            46.663
          ],
          [
            11.0019236,
            59.31604918,
            46.413
          ],
          [
            11.00174658,
            59.31604545,
            46.163
          ],
          [
            11.00156955,
            59.31604181,
            45.913
          ],
          [
            11.00139236,
            59.31603807,
            45.653
          ],
          [
            11.00121551,
            59.31603435,
            45.433
          ],
          [
            11.00103849,
            59.31603062,
            45.193
          ],
          [
            11.00086129,
            59.31602697,
            44.943
          ],
          [
            11.00081575,
            59.31602595,
            44.88
          ]
        ]
      },
      "properties": {
        "vegsystemreferanse.vegsystem.vegkategori": "E",
        "vegsystemreferanse.vegsystem.fase": "V",
        "vegsystemreferanse.vegsystem.nummer": 6,
        "vegsystemreferanse.strekning.strekning": 5,
        "vegsystemreferanse.strekning.delstrekning": 1,
        "vegsystemreferanse.strekning.arm": false,
        "vegsystemreferanse.strekning.adskilte_løp": "Nei",
        "vegsystemreferanse.strekning.trafikantgruppe": "K",
        "vegsystemreferanse.strekning.retning": "MED",
        "vegsystemreferanse.strekning.fra_meter": 3109.319,
        "vegsystemreferanse.strekning.til_meter": 3970.529,
        "vegsystemreferanse.kortform": "EV6 S5D1 m3109-3971",
        "typeVeg": "Kanalisert veg",
        "lengde": 861.21
      }
    },
    {
      "type": "Feature",
      "geometry": {
        "type": "LineString",
        "coordinates": [
          [
            11.00081575,
            59.31602595,
            44.88
          ],
          [
            11.00079656,
            59.31602552,
            44.853
          ],
          [
            11.00074041,
            59.31602586,
            44.743
          ],
          [
            11.00058995,
            59.31602816,
            44.493
          ],
          [
            11.00043258,
            59.31603078,
            44.213
          ],
          [
            11.00025549,
            59.31603361,
            43.893
          ],
          [
            11.00019523,
            59.31603455,
            43.783
          ],
          [
            11.00014023,
            59.31603564,
            43.683
          ],
          [
            11.00003323,
            59.31603775,
            43.473
          ],
          [
            10.99987209,
            59.31604106,
            43.183
          ],
          [
            10.9998236,
            59.31604209,
            43.113
          ],
          [
            10.99967825,
            59.31604571,
            42.823
          ],
          [
            10.99958176,
            59.31604814,
            42.663
          ],
          [
            10.99948524,
            59.31605084,
            42.493
          ],
          [
            10.99933207,
            59.31605521,
            42.213
          ],
          [
            10.99917465,
            59.31605981,
            41.923
          ],
          [
            10.99899868,
            59.3160651,
            41.553
          ],
          [
            10.998852,
            59.31606958,
            41.243
          ],
          [
            10.99876549,
            59.31607231,
            41.053
          ],
          [
            10.9985921,
            59.31607813,
            40.703
          ],
          [
            10.99843528,
            59.31608356,
            40.383
          ],
          [
            10.99839856,
            59.31608476,
            40.303
          ],
          [
            10.99821941,
            59.31609166,
            39.932
          ],
          [
            10.99805932,
            59.31609798,
            39.622
          ],
          [
            10.99789906,
            59.31610429,
            39.322
          ],
          [
            10.99785752,
            59.31610606,
            39.232
          ],
          [
            10.99768695,
            59.31611331,
            38.902
          ],
          [
            10.99753261,
            59.31612008,
            38.632
          ],
          [
            10.99736571,
            59.31612753,
            38.282
          ],
          [
            10.9973102,
            59.31612996,
            38.202
          ],
          [
            10.99716853,
            59.31613666,
            37.922
          ],
          [
            10.99712502,
            59.31613873,
            37.822
          ],
          [
            10.99703303,
            59.31614328,
            37.672
          ],
          [
            10.99687643,
            59.31615132,
            37.372
          ],
          [
            10.9967115,
            59.31615991,
            37.052
          ],
          [
            10.99657419,
            59.31616701,
            36.802
          ],
          [
            10.99648269,
            59.31617184,
            36.602
          ],
          [
            10.99633099,
            59.31618012,
            36.342
          ],
          [
            10.99617416,
            59.3161886,
            35.952
          ],
          [
            10.99602866,
            59.31619653,
            35.602
          ],
          [
            10.99589164,
            59.31620409,
            35.302
          ],
          [
            10.99572785,
            59.31621343,
            34.952
          ],
          [
            10.99556407,
            59.31622278,
            34.602
          ],
          [
            10.99543605,
            59.31623008,
            34.362
          ],
          [
            10.9952825,
            59.31623911,
            34.062
          ],
          [
            10.99512931,
            59.31624806,
            33.722
          ],
          [
            10.99496282,
            59.31625795,
            33.352
          ],
          [
            10.99480043,
            59.31626742,
            33.002
          ],
          [
            10.99463767,
            59.31627698,
            32.712
          ],
          [
            10.99447757,
            59.31628635,
            32.402
          ],
          [
            10.99431869,
            59.31629584,
            32.072
          ],
          [
            10.99416904,
            59.31630463,
            31.832
          ],
          [
            10.99401018,
            59.31631394,
            31.522
          ],
          [
            10.99383362,
            59.31632424,
            31.152
          ],
          [
            10.99366007,
            59.31633436,
            30.812
          ],
          [
            10.99349234,
            59.3163443,
            30.482
          ],
          [
            10.99332977,
            59.31635377,
            30.172
          ],
          [
            10.993167,
            59.31636341,
            29.862
          ],
          [
            10.99299732,
            59.31637347,
            29.502
          ],
          [
            10.99283899,
            59.3163828,
            29.202
          ],
          [
            10.99268631,
            59.31639186,
            28.922
          ],
          [
            10.99252886,
            59.31640121,
            28.612
          ],
          [
            10.99236185,
            59.31641099,
            28.352
          ],
          [
            10.99219482,
            59.31642095,
            28.142
          ],
          [
            10.99203879,
            59.31643017,
            27.942
          ],
          [
            10.99188364,
            59.31643933,
            27.742
          ],
          [
            10.99173079,
            59.31644838,
            27.562
          ],
          [
            10.99155528,
            59.3164587,
            27.382
          ],
          [
            10.99139482,
            59.31646814,
            27.252
          ],
          [
            10.99123403,
            59.3164774,
            27.112
          ],
          [
            10.99107341,
            59.31648665,
            26.992
          ],
          [
            10.99092565,
            59.31649525,
            26.9
          ]
        ]
      },
      "properties": {
        "vegsystemreferanse.vegsystem.vegkategori": "E",
        "vegsystemreferanse.vegsystem.fase": "V",
        "vegsystemreferanse.vegsystem.nummer": 6,
        "vegsystemreferanse.strekning.strekning": 5,
        "vegsystemreferanse.strekning.delstrekning": 1,
        "vegsystemreferanse.strekning.arm": false,
        "vegsystemreferanse.strekning.adskilte_løp": "Nei",
        "vegsystemreferanse.strekning.trafikantgruppe": "K",
        "vegsystemreferanse.strekning.retning": "MED",
        "vegsystemreferanse.strekning.fra_meter": 3970.529,
        "vegsystemreferanse.strekning.til_meter": 4536.832,
        "vegsystemreferanse.kortform": "EV6 S5D1 m3971-4537",
        "typeVeg": "Kanalisert veg",
        "lengde": 566.303
      }
    },
    {
      "type": "Feature",
      "geometry": {
        "type": "LineString",
        "coordinates": [
          [
            11.01588351,
            59.3164423,
            65.907
          ],
          [
            11.01425153,
            59.31640789,
            63.634
          ],
          [
            11.00976571,
            59.31631428,
            57.374
          ],
          [
            11.00303704,
            59.31617357,
            47.963
          ],
          [
            11.00082048,
            59.31612706,
            44.86
          ]
        ]
      },
      "properties": {
        "vegsystemreferanse.vegsystem.vegkategori": "E",
        "vegsystemreferanse.vegsystem.fase": "V",
        "vegsystemreferanse.vegsystem.nummer": 6,
        "vegsystemreferanse.strekning.strekning": 5,
        "vegsystemreferanse.strekning.delstrekning": 1,
        "vegsystemreferanse.strekning.arm": false,
        "vegsystemreferanse.strekning.adskilte_løp": "Nei",
        "vegsystemreferanse.strekning.trafikantgruppe": "K",
        "vegsystemreferanse.strekning.retning": "MED",
        "vegsystemreferanse.strekning.fra_meter": 3109.319,
        "vegsystemreferanse.strekning.til_meter": 3970.529,
        "vegsystemreferanse.kortform": "EV6 S5D1 m3109-3971",
        "typeVeg": "Kanalisert veg",
        "lengde": 858.975
      }
    },
    {
      "type": "Feature",
      "geometry": {
        "type": "LineString",
        "coordinates": [
          [
            11.00082048,
            59.31612706,
            44.86
          ],
          [
            11.00051895,
            59.31612894,
            44.587
          ],
          [
            11.00010518,
            59.31613356,
            43.737
          ],
          [
            10.99967133,
            59.31614105,
            42.887
          ],
          [
            10.99933449,
            59.31614737,
            42.207
          ],
          [
            10.99907639,
            59.31615259,
            41.697
          ],
          [
            10.99881094,
            59.31615784,
            41.187
          ],
          [
            10.9985492,
            59.31616587,
            40.677
          ],
          [
            10.99825814,
            59.31617398,
            40.063
          ],
          [
            10.99810074,
            59.31617806,
            39.749
          ],
          [
            10.99790122,
            59.31618503,
            39.332
          ],
          [
            10.99769256,
            59.31619202,
            38.915
          ],
          [
            10.99750768,
            59.31619803,
            38.602
          ],
          [
            10.99730269,
            59.31620595,
            38.184
          ],
          [
            10.99709402,
            59.31621293,
            37.767
          ],
          [
            10.99679566,
            59.31622292,
            37.141
          ],
          [
            10.99649551,
            59.3162376,
            36.556
          ],
          [
            10.99615713,
            59.31625376,
            35.876
          ],
          [
            10.99567762,
            59.31628203,
            34.924
          ],
          [
            10.99526758,
            59.31630618,
            34.107
          ],
          [
            10.99485137,
            59.31633068,
            33.291
          ],
          [
            10.99451585,
            59.31635038,
            32.611
          ],
          [
            10.99389794,
            59.31638689,
            31.386
          ],
          [
            10.99342083,
            59.31641487,
            30.434
          ],
          [
            10.99295638,
            59.31644226,
            29.488
          ],
          [
            10.99232891,
            59.31647919,
            28.445
          ],
          [
            10.99171388,
            59.31651538,
            27.652
          ],
          [
            10.99072871,
            59.31657453,
            26.934
          ]
        ]
      },
      "properties": {
        "vegsystemreferanse.vegsystem.vegkategori": "E",
        "vegsystemreferanse.vegsystem.fase": "V",
        "vegsystemreferanse.vegsystem.nummer": 6,
        "vegsystemreferanse.strekning.strekning": 5,
        "vegsystemreferanse.strekning.delstrekning": 1,
        "vegsystemreferanse.strekning.arm": false,
        "vegsystemreferanse.strekning.adskilte_løp": "Nei",
        "vegsystemreferanse.strekning.trafikantgruppe": "K",
        "vegsystemreferanse.strekning.retning": "MED",
        "vegsystemreferanse.strekning.fra_meter": 3970.529,
        "vegsystemreferanse.strekning.til_meter": 4536.832,
        "vegsystemreferanse.kortform": "EV6 S5D1 m3971-4537",
        "typeVeg": "Kanalisert veg",
        "lengde": 577.638
      }
    },
    {
      "type": "Feature",
      "geometry": {
        "type": "LineString",
        "coordinates": [
          [
            10.95177969,
            59.32514436,
            4.628
          ],
          [
            10.95175908,
            59.32514013,
            4.628
          ],
          [
            10.95125017,
            59.32507035,
            4.628
          ],
          [
            10.95095407,
            59.32503057,
            4.128
          ],
          [
            10.95057012,
            59.32498985,
            4.128
          ],
          [
            10.95050065,
            59.32498229,
            4.128
          ]
        ]
      },
      "properties": {
        "vegsystemreferanse.vegsystem.vegkategori": "F",
        "vegsystemreferanse.vegsystem.fase": "V",
        "vegsystemreferanse.vegsystem.nummer": 118,
        "vegsystemreferanse.strekning.strekning": 7,
        "vegsystemreferanse.strekning.delstrekning": 1,
        "vegsystemreferanse.strekning.arm": false,
        "vegsystemreferanse.strekning.adskilte_løp": "Nei",
        "vegsystemreferanse.strekning.trafikantgruppe": "K",
        "vegsystemreferanse.strekning.retning": "MED",
        "vegsystemreferanse.strekning.fra_meter": 375.734,
        "vegsystemreferanse.strekning.til_meter": 450.804,
        "vegsystemreferanse.kortform": "FV118 S7D1 m376-451",
        "typeVeg": "Enkel bilveg",
        "lengde": 75.07
      }
    },
    {
      "type": "Feature",
      "geometry": {
        "type": "LineString",
        "coordinates": [
          [
            10.95050065,
            59.32498229,
            4.128
          ],
          [
            10.95015441,
            59.32494994,
            4.128
          ],
          [
            10.94953113,
            59.32490986,
            5.128
          ],
          [
            10.94872249,
            59.32488394,
            6.128
          ]
        ]
      },
      "properties": {
        "vegsystemreferanse.vegsystem.vegkategori": "F",
        "vegsystemreferanse.vegsystem.fase": "V",
        "vegsystemreferanse.vegsystem.nummer": 118,
        "vegsystemreferanse.strekning.strekning": 7,
        "vegsystemreferanse.strekning.delstrekning": 1,
        "vegsystemreferanse.strekning.arm": false,
        "vegsystemreferanse.strekning.adskilte_løp": "Nei",
        "vegsystemreferanse.strekning.trafikantgruppe": "K",
        "vegsystemreferanse.strekning.retning": "MED",
        "vegsystemreferanse.strekning.fra_meter": 450.804,
        "vegsystemreferanse.strekning.til_meter": 552.787,
        "vegsystemreferanse.kortform": "FV118 S7D1 m451-553",
        "typeVeg": "Enkel bilveg",
        "lengde": 101.983
      }
    },
    {
      "type": "Feature",
      "geometry": {
        "type": "LineString",
        "coordinates": [
          [
            10.94872249,
            59.32488394,
            6.128
          ],
          [
            10.9486048,
            59.32488687,
            5.078
          ]
        ]
      },
      "properties": {
        "vegsystemreferanse.vegsystem.vegkategori": "F",
        "vegsystemreferanse.vegsystem.fase": "V",
        "vegsystemreferanse.vegsystem.nummer": 118,
        "vegsystemreferanse.strekning.strekning": 7,
        "vegsystemreferanse.strekning.delstrekning": 1,
        "vegsystemreferanse.strekning.arm": false,
        "vegsystemreferanse.strekning.adskilte_løp": "Nei",
        "vegsystemreferanse.strekning.trafikantgruppe": "K",
        "vegsystemreferanse.strekning.retning": "MED",
        "vegsystemreferanse.strekning.fra_meter": 552.787,
        "vegsystemreferanse.strekning.til_meter": 559.579,
        "vegsystemreferanse.kortform": "FV118 S7D1 m553-560",
        "typeVeg": "Enkel bilveg",
        "lengde": 6.792
      }
    },
    {
      "type": "Feature",
      "geometry": {
        "type": "LineString",
        "coordinates": [
          [
            10.9464771,
            59.32499495,
            6.427
          ],
          [
            10.94631908,
            59.32500998,
            7.187
          ],
          [
            10.94618695,
            59.32502331,
            7.387
          ],
          [
            10.94602999,
            59.32504279,
            7.607
          ],
          [
            10.94585632,
            59.32506516,
            7.777
          ],
          [
            10.94571021,
            59.32508506,
            7.777
          ],
          [
            10.94553381,
            59.32511265,
            8.037
          ],
          [
            10.94540135,
            59.32513316,
            8.237
          ],
          [
            10.94527149,
            59.32515546,
            8.497
          ],
          [
            10.94511981,
            59.32518229,
            8.457
          ],
          [
            10.9450494,
            59.32519736,
            9.227
          ]
        ]
      },
      "properties": {
        "vegsystemreferanse.vegsystem.vegkategori": "F",
        "vegsystemreferanse.vegsystem.fase": "V",
        "vegsystemreferanse.vegsystem.nummer": 118,
        "vegsystemreferanse.strekning.strekning": 7,
        "vegsystemreferanse.strekning.delstrekning": 1,
        "vegsystemreferanse.strekning.arm": false,
        "vegsystemreferanse.strekning.adskilte_løp": "Nei",
        "vegsystemreferanse.strekning.trafikantgruppe": "K",
        "vegsystemreferanse.strekning.retning": "MED",
        "vegsystemreferanse.strekning.fra_meter": 681.549,
        "vegsystemreferanse.strekning.til_meter": 766.124,
        "vegsystemreferanse.kortform": "FV118 S7D1 m682-766",
        "typeVeg": "Enkel bilveg",
        "lengde": 84.576
      }
    },
    {
      "type": "Feature",
      "geometry": {
        "type": "LineString",
        "coordinates": [
          [
            10.93986624,
            59.32755456,
            28.529
          ],
          [
            10.93963943,
            59.32774046,
            28.787
          ],
          [
            10.9393576,
            59.32798899,
            28.737
          ],
          [
            10.93912259,
            59.32820949,
            28.607
          ],
          [
            10.93890596,
            59.32845277,
            28.307
          ],
          [
            10.93880172,
            59.3285771,
            28.157
          ],
          [
            10.93870722,
            59.32869355,
            27.787
          ],
          [
            10.93860784,
            59.32883457,
            27.787
          ],
          [
            10.93850277,
            59.32899529,
            27.437
          ],
          [
            10.93838267,
            59.32919933,
            27.217
          ],
          [
            10.93827502,
            59.32942137,
            26.907
          ],
          [
            10.93816093,
            59.32968547,
            26.757
          ],
          [
            10.93808095,
            59.32990712,
            26.327
          ]
        ]
      },
      "properties": {
        "vegsystemreferanse.vegsystem.vegkategori": "F",
        "vegsystemreferanse.vegsystem.fase": "V",
        "vegsystemreferanse.vegsystem.nummer": 118,
        "vegsystemreferanse.strekning.strekning": 7,
        "vegsystemreferanse.strekning.delstrekning": 1,
        "vegsystemreferanse.strekning.arm": false,
        "vegsystemreferanse.strekning.adskilte_løp": "Nei",
        "vegsystemreferanse.strekning.trafikantgruppe": "K",
        "vegsystemreferanse.strekning.retning": "MED",
        "vegsystemreferanse.strekning.fra_meter": 1171.217,
        "vegsystemreferanse.strekning.til_meter": 1454.701,
        "vegsystemreferanse.kortform": "FV118 S7D1 m1171-1455",
        "typeVeg": "Enkel bilveg",
        "lengde": 283.484
      }
    },
    {
      "type": "Feature",
      "geometry": {
        "type": "LineString",
        "coordinates": [
          [
            10.93808095,
            59.32990712,
            26.327
          ],
          [
            10.93804777,
            59.3299933,
            26.227
          ],
          [
            10.93801295,
            59.33007853,
            26.227
          ],
          [
            10.9378244,
            59.33055187,
            26.427
          ],
          [
            10.93761704,
            59.33107946,
            26.727
          ],
          [
            10.93747875,
            59.33142669,
            27.027
          ],
          [
            10.93736212,
            59.33172515,
            27.127
          ],
          [
            10.93727835,
            59.33194012,
            27.227
          ],
          [
            10.93714667,
            59.33226149,
            27.427
          ],
          [
            10.93704587,
            59.3325011,
            27.627
          ],
          [
            10.9369151,
            59.33280001,
            27.827
          ],
          [
            10.93677167,
            59.33311652,
            28.127
          ],
          [
            10.93659205,
            59.33350022,
            28.627
          ],
          [
            10.936477,
            59.33374118,
            28.927
          ],
          [
            10.93630655,
            59.33407752,
            29.327
          ],
          [
            10.93614579,
            59.33439168,
            29.727
          ],
          [
            10.93598835,
            59.33467808,
            30.027
          ],
          [
            10.93583713,
            59.33495657,
            30.427
          ],
          [
            10.93568119,
            59.33523043,
            30.727
          ],
          [
            10.93551947,
            59.33547893,
            31.228
          ],
          [
            10.93549615,
            59.33552675,
            31.328
          ],
          [
            10.93544866,
            59.33562956,
            31.528
          ],
          [
            10.93541167,
            59.33568865,
            31.728
          ],
          [
            10.93536828,
            59.33577181,
            32.028
          ],
          [
            10.93532515,
            59.33586756,
            32.128
          ],
          [
            10.93529071,
            59.33593482,
            32.128
          ],
          [
            10.93525966,
            59.33600308,
            32.128
          ],
          [
            10.9352539,
            59.33602178,
            32.128
          ],
          [
            10.93523234,
            59.33606966,
            32.128
          ]
        ]
      },
      "properties": {
        "vegsystemreferanse.vegsystem.vegkategori": "F",
        "vegsystemreferanse.vegsystem.fase": "V",
        "vegsystemreferanse.vegsystem.nummer": 118,
        "vegsystemreferanse.strekning.strekning": 7,
        "vegsystemreferanse.strekning.delstrekning": 1,
        "vegsystemreferanse.strekning.arm": false,
        "vegsystemreferanse.strekning.adskilte_løp": "Nei",
        "vegsystemreferanse.strekning.trafikantgruppe": "K",
        "vegsystemreferanse.strekning.retning": "MED",
        "vegsystemreferanse.strekning.fra_meter": 1454.701,
        "vegsystemreferanse.strekning.til_meter": 2160.554,
        "vegsystemreferanse.kortform": "FV118 S7D1 m1455-2161",
        "typeVeg": "Enkel bilveg",
        "lengde": 705.853
      }
    },
    {
      "type": "Feature",
      "geometry": {
        "type": "LineString",
        "coordinates": [
          [
            10.93523234,
            59.33606966,
            32.128
          ],
          [
            10.93521535,
            59.33610869,
            32.128
          ],
          [
            10.93520991,
            59.33612471,
            32.128
          ],
          [
            10.93519686,
            59.33616026,
            32.128
          ],
          [
            10.93517161,
            59.33622421,
            32.128
          ]
        ]
      },
      "properties": {
        "vegsystemreferanse.vegsystem.vegkategori": "F",
        "vegsystemreferanse.vegsystem.fase": "V",
        "vegsystemreferanse.vegsystem.nummer": 118,
        "vegsystemreferanse.strekning.strekning": 7,
        "vegsystemreferanse.strekning.delstrekning": 1,
        "vegsystemreferanse.strekning.arm": false,
        "vegsystemreferanse.strekning.adskilte_løp": "Nei",
        "vegsystemreferanse.strekning.trafikantgruppe": "K",
        "vegsystemreferanse.strekning.retning": "MED",
        "vegsystemreferanse.strekning.fra_meter": 2160.554,
        "vegsystemreferanse.strekning.til_meter": 2178.116,
        "vegsystemreferanse.kortform": "FV118 S7D1 m2161-2178",
        "typeVeg": "Enkel bilveg",
        "lengde": 17.562
      }
    },
    {
      "type": "Feature",
      "geometry": {
        "type": "LineString",
        "coordinates": [
          [
            10.93517161,
            59.33622421,
            32.128
          ],
          [
            10.93516649,
            59.33623754,
            32.128
          ],
          [
            10.93515909,
            59.33625529,
            32.128
          ],
          [
            10.93514535,
            59.33628183,
            32.128
          ],
          [
            10.93510204,
            59.33639377,
            32.228
          ],
          [
            10.93506184,
            59.33647972,
            32.228
          ],
          [
            10.93502625,
            59.33657122,
            32.228
          ],
          [
            10.93500064,
            59.33662347,
            32.228
          ],
          [
            10.9349603,
            59.33673999,
            32.228
          ],
          [
            10.93493355,
            59.33681648,
            32.328
          ],
          [
            10.93487353,
            59.33695037,
            32.728
          ],
          [
            10.93484285,
            59.33703033,
            32.728
          ],
          [
            10.93482711,
            59.33708828,
            32.828
          ],
          [
            10.93477178,
            59.33721243,
            33.128
          ],
          [
            10.93472181,
            59.33733584,
            33.328
          ],
          [
            10.93468479,
            59.3374246,
            33.528
          ],
          [
            10.93466108,
            59.33749039,
            33.728
          ],
          [
            10.93464355,
            59.3375339,
            33.728
          ],
          [
            10.93460796,
            59.33762539,
            33.728
          ],
          [
            10.93459305,
            59.33766179,
            33.728
          ],
          [
            10.93457434,
            59.33771515,
            33.828
          ],
          [
            10.93454548,
            59.33777989,
            34.328
          ],
          [
            10.93451074,
            59.33786422,
            34.528
          ],
          [
            10.93446296,
            59.3379841,
            35.228
          ],
          [
            10.93445001,
            59.33801876,
            35.228
          ],
          [
            10.93444175,
            59.33804368,
            36.728
          ]
        ]
      },
      "properties": {
        "vegsystemreferanse.vegsystem.vegkategori": "F",
        "vegsystemreferanse.vegsystem.fase": "V",
        "vegsystemreferanse.vegsystem.nummer": 118,
        "vegsystemreferanse.strekning.strekning": 7,
        "vegsystemreferanse.strekning.delstrekning": 1,
        "vegsystemreferanse.strekning.arm": false,
        "vegsystemreferanse.strekning.adskilte_løp": "Nei",
        "vegsystemreferanse.strekning.trafikantgruppe": "K",
        "vegsystemreferanse.strekning.retning": "MED",
        "vegsystemreferanse.strekning.fra_meter": 2178.116,
        "vegsystemreferanse.strekning.til_meter": 2385.503,
        "vegsystemreferanse.kortform": "FV118 S7D1 m2178-2386",
        "typeVeg": "Enkel bilveg",
        "lengde": 207.387
      }
    },
    {
      "type": "Feature",
      "geometry": {
        "type": "LineString",
        "coordinates": [
          [
            10.93994778,
            59.32748772,
            28.437
          ],
          [
            10.93986624,
            59.32755456,
            28.529
          ]
        ]
      },
      "properties": {
        "vegsystemreferanse.vegsystem.vegkategori": "F",
        "vegsystemreferanse.vegsystem.fase": "V",
        "vegsystemreferanse.vegsystem.nummer": 118,
        "vegsystemreferanse.strekning.strekning": 7,
        "vegsystemreferanse.strekning.delstrekning": 1,
        "vegsystemreferanse.strekning.arm": false,
        "vegsystemreferanse.strekning.adskilte_løp": "Nei",
        "vegsystemreferanse.strekning.trafikantgruppe": "K",
        "vegsystemreferanse.strekning.retning": "MED",
        "vegsystemreferanse.strekning.fra_meter": 1158.994,
        "vegsystemreferanse.strekning.til_meter": 1171.217,
        "vegsystemreferanse.kortform": "FV118 S7D1 m1159-1171",
        "typeVeg": "Enkel bilveg",
        "lengde": 12.223
      }
    },
    {
      "type": "Feature",
      "geometry": {
        "type": "LineString",
        "coordinates": [
          [
            10.9450494,
            59.32519736,
            9.227
          ],
          [
            10.94451092,
            59.32530322,
            9.397
          ],
          [
            10.94390073,
            59.32544676,
            10.097
          ],
          [
            10.94317921,
            59.32566513,
            11.837
          ],
          [
            10.94275394,
            59.32580994,
            12.707
          ],
          [
            10.94241029,
            59.32593859,
            14.197
          ],
          [
            10.94204972,
            59.32609547,
            15.887
          ],
          [
            10.94175834,
            59.32623726,
            18.247
          ],
          [
            10.94148177,
            59.32639191,
            20.247
          ],
          [
            10.94121459,
            59.32655935,
            21.637
          ],
          [
            10.94089849,
            59.32677984,
            23.777
          ],
          [
            10.94058233,
            59.32700815,
            25.607
          ],
          [
            10.9402834,
            59.32723062,
            27.127
          ],
          [
            10.93994778,
            59.32748772,
            28.437
          ]
        ]
      },
      "properties": {
        "vegsystemreferanse.vegsystem.vegkategori": "F",
        "vegsystemreferanse.vegsystem.fase": "V",
        "vegsystemreferanse.vegsystem.nummer": 118,
        "vegsystemreferanse.strekning.strekning": 7,
        "vegsystemreferanse.strekning.delstrekning": 1,
        "vegsystemreferanse.strekning.arm": false,
        "vegsystemreferanse.strekning.adskilte_løp": "Nei",
        "vegsystemreferanse.strekning.trafikantgruppe": "K",
        "vegsystemreferanse.strekning.retning": "MED",
        "vegsystemreferanse.strekning.fra_meter": 766.124,
        "vegsystemreferanse.strekning.til_meter": 1158.994,
        "vegsystemreferanse.kortform": "FV118 S7D1 m766-1159",
        "typeVeg": "Enkel bilveg",
        "lengde": 392.869
      }
    },
    {
      "type": "Feature",
      "geometry": {
        "type": "LineString",
        "coordinates": [
          [
            10.95539104,
            59.32682667,
            6.676
          ],
          [
            10.95532813,
            59.32680025,
            6.629
          ],
          [
            10.95520578,
            59.32673441,
            6.429
          ],
          [
            10.95513527,
            59.3266931,
            6.366
          ]
        ]
      },
      "properties": {
        "vegsystemreferanse.vegsystem.vegkategori": "F",
        "vegsystemreferanse.vegsystem.fase": "V",
        "vegsystemreferanse.vegsystem.nummer": 118,
        "vegsystemreferanse.strekning.strekning": 7,
        "vegsystemreferanse.strekning.delstrekning": 1,
        "vegsystemreferanse.strekning.arm": false,
        "vegsystemreferanse.strekning.adskilte_løp": "Nei",
        "vegsystemreferanse.strekning.trafikantgruppe": "K",
        "vegsystemreferanse.strekning.retning": "MED",
        "vegsystemreferanse.strekning.fra_meter": 92.033,
        "vegsystemreferanse.strekning.til_meter": 112.892,
        "vegsystemreferanse.kortform": "FV118 S7D1 m92-113",
        "typeVeg": "Enkel bilveg",
        "lengde": 20.859
      }
    },
    {
      "type": "Feature",
      "geometry": {
        "type": "LineString",
        "coordinates": [
          [
            10.95513527,
            59.3266931,
            6.366
          ],
          [
            10.95509394,
            59.32666889,
            6.329
          ],
          [
            10.95499888,
            59.32661019,
            6.229
          ],
          [
            10.95488272,
            59.32653706,
            6.171
          ]
        ]
      },
      "properties": {
        "vegsystemreferanse.vegsystem.vegkategori": "F",
        "vegsystemreferanse.vegsystem.fase": "V",
        "vegsystemreferanse.vegsystem.nummer": 118,
        "vegsystemreferanse.strekning.strekning": 7,
        "vegsystemreferanse.strekning.delstrekning": 1,
        "vegsystemreferanse.strekning.arm": false,
        "vegsystemreferanse.strekning.adskilte_løp": "Nei",
        "vegsystemreferanse.strekning.trafikantgruppe": "K",
        "vegsystemreferanse.strekning.retning": "MED",
        "vegsystemreferanse.strekning.fra_meter": 112.892,
        "vegsystemreferanse.strekning.til_meter": 135.458,
        "vegsystemreferanse.kortform": "FV118 S7D1 m113-135",
        "typeVeg": "Enkel bilveg",
        "lengde": 22.566
      }
    },
    {
      "type": "Feature",
      "geometry": {
        "type": "LineString",
        "coordinates": [
          [
            10.95382012,
            59.32585355,
            5.378
          ],
          [
            10.95366814,
            59.32575874,
            5.128
          ],
          [
            10.95341728,
            59.32561967,
            5.028
          ],
          [
            10.95316344,
            59.32550568,
            4.928
          ],
          [
            10.95287731,
            59.32539699,
            4.828
          ],
          [
            10.95257985,
            59.32530951,
            4.728
          ],
          [
            10.95241595,
            59.32526755,
            4.628
          ],
          [
            10.95208614,
            59.32520065,
            4.628
          ],
          [
            10.95177969,
            59.32514436,
            4.628
          ]
        ]
      },
      "properties": {
        "vegsystemreferanse.vegsystem.vegkategori": "F",
        "vegsystemreferanse.vegsystem.fase": "V",
        "vegsystemreferanse.vegsystem.nummer": 118,
        "vegsystemreferanse.strekning.strekning": 7,
        "vegsystemreferanse.strekning.delstrekning": 1,
        "vegsystemreferanse.strekning.arm": false,
        "vegsystemreferanse.strekning.adskilte_løp": "Nei",
        "vegsystemreferanse.strekning.trafikantgruppe": "K",
        "vegsystemreferanse.strekning.retning": "MED",
        "vegsystemreferanse.strekning.fra_meter": 232.75,
        "vegsystemreferanse.strekning.til_meter": 375.734,
        "vegsystemreferanse.kortform": "FV118 S7D1 m233-376",
        "typeVeg": "Enkel bilveg",
        "lengde": 142.984
      }
    },
    {
      "type": "Feature",
      "geometry": {
        "type": "LineString",
        "coordinates": [
          [
            10.9486048,
            59.32488687,
            5.078
          ],
          [
            10.94847197,
            59.32488696,
            5.198
          ],
          [
            10.94837449,
            59.32488707,
            5.448
          ],
          [
            10.94824802,
            59.32488835,
            5.418
          ],
          [
            10.94812428,
            59.32489034,
            5.577
          ],
          [
            10.94796584,
            59.32489422,
            5.817
          ],
          [
            10.94783052,
            59.32489891,
            5.937
          ],
          [
            10.94770051,
            59.32490331,
            6.007
          ],
          [
            10.94750381,
            59.32491229,
            6.177
          ],
          [
            10.94737432,
            59.32491976,
            6.317
          ],
          [
            10.94725858,
            59.32492695,
            6.437
          ],
          [
            10.94711184,
            59.32493596,
            6.577
          ],
          [
            10.94697078,
            59.32494748,
            6.787
          ],
          [
            10.94682403,
            59.32495954,
            6.877
          ],
          [
            10.9466885,
            59.32497042,
            7.047
          ],
          [
            10.94656806,
            59.32498303,
            7.077
          ],
          [
            10.9464771,
            59.32499495,
            6.427
          ]
        ]
      },
      "properties": {
        "vegsystemreferanse.vegsystem.vegkategori": "F",
        "vegsystemreferanse.vegsystem.fase": "V",
        "vegsystemreferanse.vegsystem.nummer": 118,
        "vegsystemreferanse.strekning.strekning": 7,
        "vegsystemreferanse.strekning.delstrekning": 1,
        "vegsystemreferanse.strekning.arm": false,
        "vegsystemreferanse.strekning.adskilte_løp": "Nei",
        "vegsystemreferanse.strekning.trafikantgruppe": "K",
        "vegsystemreferanse.strekning.retning": "MED",
        "vegsystemreferanse.strekning.fra_meter": 559.579,
        "vegsystemreferanse.strekning.til_meter": 681.549,
        "vegsystemreferanse.kortform": "FV118 S7D1 m560-682",
        "typeVeg": "Enkel bilveg",
        "lengde": 121.97
      }
    },
    {
      "type": "Feature",
      "geometry": {
        "type": "LineString",
        "coordinates": [
          [
            10.95488272,
            59.32653706,
            6.171
          ],
          [
            10.95479757,
            59.32648346,
            6.129
          ],
          [
            10.95455133,
            59.32632026,
            6.029
          ],
          [
            10.95436605,
            59.32620661,
            5.729
          ],
          [
            10.95416076,
            59.32606896,
            5.629
          ],
          [
            10.95391544,
            59.32591298,
            5.529
          ],
          [
            10.95382012,
            59.32585355,
            5.378
          ]
        ]
      },
      "properties": {
        "vegsystemreferanse.vegsystem.vegkategori": "F",
        "vegsystemreferanse.vegsystem.fase": "V",
        "vegsystemreferanse.vegsystem.nummer": 118,
        "vegsystemreferanse.strekning.strekning": 7,
        "vegsystemreferanse.strekning.delstrekning": 1,
        "vegsystemreferanse.strekning.arm": false,
        "vegsystemreferanse.strekning.adskilte_løp": "Nei",
        "vegsystemreferanse.strekning.trafikantgruppe": "K",
        "vegsystemreferanse.strekning.retning": "MED",
        "vegsystemreferanse.strekning.fra_meter": 135.458,
        "vegsystemreferanse.strekning.til_meter": 232.75,
        "vegsystemreferanse.kortform": "FV118 S7D1 m135-233",
        "typeVeg": "Enkel bilveg",
        "lengde": 97.292
      }
    }
  ]
}